181.843521118,30.5237445831,25.3186416626
43.1457557678,34.1698875427,28.3977184296
106.810661316,34.4398002625,28.1659832001
11.6067523956,31.5223464966,25.6657123566
1704.28112793,35.2448387146,26.4359931946
180.298416138,42.8980026245,33.0248985291
118.833595276,44.6305618286,33.8704948425
175.237579346,46.9101409912,35.6546592712
114.953300476,53.4348144531,38.7437896729
144.189422607,37.5958595276,25.6910476685
76.7097320557,32.7275886536,23.5964736938
56.2651557922,40.7723312378,28.3256435394
nan,19.43542099,14.2457561493
nan,26.1774463654,19.3786964417
nan,34.4509963989,26.0793914795
nan,38.8555297852,28.1548442841
nan,39.6847724915,27.1188087463
nan,37.1161003113,23.2004413605
nan,41.461730957,27.5991802216
nan,50.3897171021,33.1011772156
nan,53.3463897705,33.0707778931
nan,56.7595024109,33.8149490356
nan,63.8632011414,38.1024703979
nan,47.0352516174,27.4316272736
nan,41.8368835449,24.8489303589
nan,51.7851295471,30.0161495209
nan,27.2030448914,14.5873212814
nan,35.3775978088,19.7874584198
nan,28.3305301666,27.442949295
nan,32.0091705322,29.4403095245
nan,32.8051223755,28.2899341583
nan,30.990404129,23.9131736755
nan,34.2200965881,29.5840148926
nan,41.6172027588,35.0797042847
nan,44.1267127991,35.0269165039
nan,47.1486549377,35.6547851562
nan,53.8828849792,40.7386436462
nan,39.0191802979,29.8547592163
nan,34.739276886,26.7143573761
nan,43.1812553406,32.4315490723
nan,22.6333599091,15.6037273407
nan,29.4935855865,21.0063152313
nan,25.8194465637,28.0596809387
nan,29.2590579987,30.4123268127
nan,30.0636672974,29.608915329
nan,28.4490356445,25.5295734406
nan,31.1239910126,30.9052524567
nan,37.8448257446,36.8165550232
nan,40.0652923584,37.1861763
nan,42.7816886902,38.1866111755
nan,49.1935424805,43.7798500061
nan,35.3204917908,31.6833934784
nan,31.3108463287,28.0308742523
nan,38.9319000244,34.1633262634
nan,20.1871051788,16.5360622406
nan,26.1949996948,22.1291656494
nan,51.0608825684,27.944852829
nan,37.3357849121,30.6089515686
nan,50.5857315063,30.2004146576
nan,42.641166687,26.6742744446
nan,49.9112968445,31.3939933777
nan,17.7760562897,37.6369018555
nan,16.0445194244,38.4423866272
nan,60.9872665405,39.8624572754
nan,43.7121391296,45.8906555176
nan,59.6107788086,32.6848144531
nan,49.841468811,28.6165161133
nan,12.6325483322,35.2047271729
nan,58.8954200745,16.9148139954
nan,24.3298969269,22.7235069275
nan,23.4680709839,28.2875843048
nan,31.1869297028,32.4727210999
nan,24.4178295135,33.4136619568
nan,31.107378006,31.68491745
nan,27.5434627533,33.3456573486
nan,31.9541110992,41.3974266052
nan,15.3967990875,43.9163665771
nan,15.152009964,47.0236854553
nan,31.2666454315,53.3961639404
nan,21.8164405823,36.2527694702
nan,30.1197738647,31.5604610443
nan,24.7532081604,39.9957504272
nan,28.6629810333,19.1390724182
nan,11.4023170471,26.1108379364
nan,10.8472003937,34.9034461975
nan,34.5870323181,40.4688644409
nan,23.5357112885,42.0756492615
nan,32.9098548889,40.3740882874
nan,26.6371669769,41.9934692383
nan,30.8108310699,52.352973938
nan,12.1047067642,56.4164810181
nan,11.434928894,60.7757759094
nan,44.3064842224,68.1638183594
nan,33.353012085,46.8699302673
nan,44.1322135925,41.1322975159
nan,37.7979316711,52.1322555542
nan,11.0287914276,25.5674171448
nan,43.8336486816,34.4225387573
nan,19.9180240631,34.2617835999
nan,19.3279457092,39.5210838318
nan,29.4224529266,41.0591964722
nan,22.3845405579,39.6591529846
nan,29.1788730621,41.5028648376
nan,25.1609458923,51.5074462891
nan,28.7408390045,55.5647201538
nan,13.1743068695,60.1560592651
nan,12.6790924072,67.5612030029
nan,40.8427391052,47.0788383484
nan,29.7799301147,41.6031608582
nan,39.9256820679,52.8042488098
nan,33.4509925842,26.4483890533
nan,37.9456367493,35.4089202881
nan,16.4184837341,36.675983429
nan,15.5557098389,42.0340538025
nan,53.8321838379,43.5446281433
nan,39.3722610474,41.9916877747
nan,52.9548377991,44.7066497803
nan,44.4171180725,55.0385894775
nan,12.6161775589,59.572467804
nan,50.7124671936,64.5067443848
nan,22.665063858,72.7819061279
nan,21.686384201,51.5138587952
nan,64.9334106445,45.8521728516
nan,48.2198944092,57.6063423157
nan,65.392829895,29.5233249664
nan,55.715801239,39.085067749
nan,17.5045719147,24.0972576141
nan,66.2341461182,27.3473320007
nan,30.1015300751,28.1618766785
nan,29.4840526581,26.7807178497
nan,63.9340515137,28.8769645691
nan,46.5508308411,35.0805740356
nan,64.0930175781,37.1906280518
nan,53.8751831055,39.7956886292
nan,17.047121048,45.5400772095
nan,64.1603622437,31.4102210999
nan,28.7491817474,26.6243877411
nan,28.1457653046,33.614654541
nan,67.3365478516,15.8106555939
nan,49.976146698,21.1817588806
nan,68.4314575195,23.4903144836
nan,58.3416213989,26.9940986633
nan,19.7396316528,27.9979972839
nan,72.0719909668,26.8603515625
nan,32.3583297729,27.859621048
nan,32.0578575134,34.1347465515
nan,37.3760681152,36.3771591187
nan,36.4995269775,39.093421936
nan,35.1436309814,43.9225730896
nan,36.4953956604,28.8330554962
nan,34.5583877563,23.4193973541
nan,34.3819122314,30.3901596069
nan,37.8975219727,12.9673366547
nan,26.0261421204,18.159034729
nan,32.2945365906,16.1536216736
nan,35.8838615417,20.38139534
nan,43.7896080017,22.3457603455
nan,46.0546340942,22.9249324799
nan,40.1145172119,19.929315567
nan,43.156867981,25.8260803223
nan,46.4957504272,28.5920200348
nan,34.9526290894,31.5766620636
nan,38.7275886536,34.0326461792
nan,41.9439086914,20.3696556091
nan,44.5575256348,16.1194553375
nan,46.2171478271,21.6130256653
nan,33.5838317871,12.9008541107
nan,37.3871498108,10.8826179504
nan,40.0199279785,15.264175415
nan,41.6177978516,17.7865390778
nan,29.9966621399,19.7249622345
nan,35.6277809143,14.3853006363
nan,25.2443447113,19.7679424286
nan,28.2368774414,22.7704410553
nan,40.694442749,25.9376430511
nan,42.9455947876,27.1255073547
nan,37.5876693726,14.9035778046
nan,40.3144874573,11.676404953
nan,43.3252716064,15.9281406403
nan,33.8324241638,29.0835533142
nan,36.3669624329,39.6113891602
nan,39.1676216125,47.0965805054
nan,41.3764839172,51.0665817261
nan,43.1938858032,38.1660804749
nan,31.2113399506,52.6637115479
nan,34.7251625061,63.4945259094
nan,37.0558547974,74.1365432739
nan,38.3043136597,82.1063995361
nan,27.4485340118,42.6135101318
nan,32.7796173096,36.8301887512
nan,22.7959804535,44.8037757874
nan,25.6994400024,22.3794574738
nan,43.2621231079,25.8310813904
nan,45.7930641174,41.0395126343
nan,40.2594833374,68.6097259521
nan,43.23777771,44.5929450989
nan,46.2668685913,54.149848938
nan,35.7805252075,34.7566413879
nan,39.0257530212,61.9254455566
nan,42.2021179199,49.8688354492
nan,44.2739639282,49.7502746582
nan,46.1619377136,61.8510513306
nan,33.2902412415,157.195831299
nan,37.5158538818,57.4990730286
nan,39.8420600891,82.6760635376
nan,40.8560142517,40.8328170776
nan,29.3006916046,95.3631362915
nan,35.285320282,74.1055908203
nan,24.1133079529,71.2609710693
nan,27.3652057648,68.9354476929
nan,61.6006355286,108.934684753
nan,66.8219528198,72.9130249023
nan,56.8576507568,98.1937332153
nan,62.5990104675,44.3813476562
nan,68.246925354,90.1330337524
nan,49.1372795105,97.2551651001
nan,54.6555404663,93.7259521484
nan,60.3671112061,52.9664535522
nan,64.6066436768,202.540206909
nan,68.1926498413,61.9957046509
nan,45.5638465881,57.3212089539
nan,52.0040664673,37.8078651428
nan,56.4485435486,111.396400452
nan,59.0653038025,65.3325881958
nan,39.1229324341,79.4050598145
nan,48.9325180054,51.6155662537
nan,31.4071979523,148.935531616
nan,36.4081802368,54.2265396118
nan,51.7795410156,45.7002830505
nan,54.5932655334,39.7321891785
nan,48.352771759,223.092300415
nan,51.906452179,43.2345619202
nan,55.4604034424,116.884719849
nan,43.3172874451,51.0246086121
nan,46.9740371704,106.253875732
nan,50.8176460266,54.0739936829
nan,53.4861946106,46.2630882263
nan,55.3479194641,39.4540138245
nan,40.7347717285,207.442321777
nan,45.1780738831,40.3146591187
nan,48.256477356,101.699623108
nan,49.8792381287,47.9917449951
nan,35.6937065125,103.064727783
nan,43.2025260925,56.189239502
nan,29.1773719788,89.821182251
nan,33.3664932251,41.3679351807
nan,73.868812561,195.092437744
nan,45.1659355164,39.7597885132
nan,39.2742271423,103.937255859
nan,67.6002655029,39.9740829468
nan,45.2982559204,73.9464950562
nan,39.9688415527,38.0287971497
nan,25.5099925995,71.8461074829
nan,88.0337982178,36.5413818359
nan,61.77186203,126.617355347
nan,27.4225902557,37.6878738403
nan,108.655181885,75.6722259521
nan,71.9030609131,40.1912956238
nan,34.3170890808,51.5938148499
nan,141.888580322,39.2329521179
nan,107.159202576,56.0657310486
nan,37.167640686,33.9738960266
nan,128.459716797,102.145271301
nan,98.9569854736,38.1160049438
nan,61.7546615601,55.8269805908
nan,21.8661575317,49.8230552673
nan,42.8002281189,47.6666793823
nan,16.9403114319,48.228012085
nan,46.0822601318,46.8108406067
nan,21.6968212128,35.1025428772
nan,47.9425468445,98.0427398682
nan,23.4415683746,44.9844703674
nan,57.415813446,51.5276527405
nan,29.2047424316,52.6299362183
nan,60.0104141235,50.4325561523
nan,31.8470745087,52.0717010498
nan,68.0252380371,51.1812515259
nan,39.9262962341,34.0646629333
nan,59.5387077332,83.4778747559
nan,42.9521369934,46.6910629272
nan,48.9245109558,52.0251960754
nan,43.9902229309,55.9600296021
nan,43.5502891541,51.1367034912
nan,37.9072494507,54.5822219849
nan,41.2949066162,53.167049408
nan,35.2093887329,31.8776245117
nan,45.8028831482,71.7354736328
nan,36.9957275391,44.7032203674
nan,51.6263046265,48.20154953
nan,42.5988807678,59.3557548523
nan,55.5466384888,51.5909729004
nan,46.3040771484,57.0816764832
nan,49.2009353638,54.1879653931
nan,40.8811378479,30.4810752869
nan,47.4711990356,66.2160720825
nan,37.3612442017,42.7820243835
nan,45.3230018616,45.2790336609
nan,35.7580757141,62.2390899658
nan,47.2886543274,52.6552848816
nan,37.1207199097,59.8781089783
nan,53.1714324951,56.3237953186
nan,42.6471252441,31.0303211212
nan,93.6600189209,65.9801254272
nan,87.5147323608,43.2409057617
nan,81.4841766357,45.530921936
nan,90.2979660034,65.5656890869
nan,215.434524536,55.309928894
nan,48.4816551208,62.8275566101
nan,139.622070312,58.4597892761
nan,30.7599773407,32.4316291809
nan,135.14541626,66.1894989014
nan,32.0888595581,44.0262680054
nan,123.317840576,45.7342529297
nan,31.3827114105,60.733757019
nan,134.305587769,51.2777557373
nan,32.7852020264,59.3591079712
nan,138.048065186,55.3648490906
nan,32.6303253174,30.5891265869
nan,138.978012085,61.4177093506
nan,35.1816101074,41.8339805603
nan,146.448577881,43.6935806274
nan,39.5552062988,64.0252151489
nan,168.694213867,52.6166343689
nan,75.1374130249,61.7809677124
nan,203.582443237,56.5441513062
nan,74.3783569336,30.4666957855
nan,124.827606201,62.0745429993
nan,36.7895774841,41.3246269226
nan,130.329818726,42.6276130676
nan,37.2619094849,62.6409873962
nan,301.600799561,50.7351341248
nan,74.2935028076,60.4719200134
nan,137.134109497,54.6492538452
nan,34.2601966858,28.91065979
nan,93.8905944824,59.6272010803
nan,21.2966499329,39.2896995544
nan,160.708084106,40.3618125916
nan,37.5437850952,61.8285675049
nan,175.331604004,50.9869499207
nan,41.5386619568,60.0754127502
nan,259.945648193,54.3887825012
nan,56.4562492371,28.8931751251
nan,123.722305298,59.0518302917
nan,32.7517929077,38.9969673157
nan,155.027694702,39.7476043701
nan,34.2606201172,57.2477455139
nan,170.023040771,46.2936897278
nan,35.9523010254,55.3079338074
nan,139.404159546,49.8525772095
nan,38.2237014771,26.1658496857
nan,113.633758545,54.1335678101
nan,29.4392185211,35.5362205505
nan,124.380859375,36.3319168091
nan,33.8895454407,53.7707099915
nan,173.244491577,43.9594841003
nan,45.8056945801,52.5159187317
nan,178.004486084,47.8357276917
nan,46.356098175,25.4762706757
nan,208.411468506,52.2031555176
nan,47.1944847107,34.5855636597
nan,212.162719727,35.7125244141
nan,48.2314834595,51.8364143372
nan,252.429702759,41.764629364
nan,57.0162353516,50.3158454895
nan,234.179412842,45.3216934204
nan,52.6207923889,23.1926822662
nan,254.26348877,49.2140197754
nan,54.4060134888,31.6635875702
nan,375.161132812,32.5071678162
nan,62.5321884155,50.7038002014
nan,305.959747314,40.2366485596
nan,59.8412246704,49.1579017639
nan,119.452507019,44.0442962646
nan,10.3466567993,21.5540676117
nan,129.99281311,48.1521987915
nan,12.1067399979,29.6394138336
nan,89.6737518311,30.2678375244
nan,69.4665603638,44.0176467896
nan,10.1670808792,35.4349250793
nan,176.212081909,43.2286605835
nan,149.237136841,39.0241928101
nan,15.6846761703,19.220867157
nan,145.654190063,43.1160163879
nan,15.0546998978,26.5386199951
nan,147.034912109,27.43085289
nan,15.2555208206,43.6687927246
nan,148.911300659,34.6173286438
nan,15.5624170303,42.8550949097
nan,156.077835083,38.3530273438
nan,15.6620903015,18.0862731934
nan,150.175125122,42.1567649841
nan,15.8419485092,25.0760574341
nan,156.398101807,25.8987140656
nan,16.1019916534,43.4062805176
nan,212.042510986,34.4437179565
nan,19.7971763611,43.3332672119
nan,38.9974937439,38.6951942444
nan,32.4068527222,18.2541446686
nan,34.3186035156,42.6114883423
nan,36.7176895142,25.383266449
nan,32.257068634,26.3057975769
nan,35.8279495239,41.7820892334
nan,32.4101600647,33.2807540894
nan,36.3113861084,40.7193069458
nan,20.5250034332,36.6720695496
nan,36.5050926208,15.9311418533
nan,25.1745128632,41.6524124146
nan,32.3312683105,23.1098327637
nan,23.5969772339,23.5560722351
nan,27.0535392761,19.4472408295
nan,29.8121509552,15.575003624
nan,25.9813327789,18.4339294434
nan,26.7964553833,16.1686992645
nan,21.9841690063,18.1059379578
nan,27.1550827026,20.8461551666
nan,22.1713161469,16.0420532227
nan,26.8210601807,19.4726848602
nan,24.9613723755,16.5719032288
nan,35.4097328186,18.0049877167
nan,29.582611084,18.7131080627
nan,31.4304466248,14.0148496628
nan,33.0279884338,17.6906967163
nan,29.5106754303,14.8593902588
nan,32.6550788879,16.346988678
nan,29.8067893982,31.5085887909
nan,35.3037872314,18.8666477203
nan,19.1744403839,30.4065265656
nan,35.9025268555,22.9563560486
nan,23.9082679749,18.8105163574
nan,31.8504161835,28.2497005463
nan,22.6888484955,11.5085983276
nan,26.3249549866,25.2569675446
nan,29.2256011963,18.407087326
nan,25.1912174225,24.9636001587
nan,25.3300666809,21.1010990143
nan,20.7320652008,24.5262622833
nan,25.6280250549,24.8451461792
nan,20.6897296906,17.0702400208
nan,25.2604389191,24.2781047821
nan,23.4341030121,19.795331955
nan,34.7234535217,23.2434558868
nan,29.0781993866,87.6366043091
nan,30.902431488,62.0011711121
nan,32.0168914795,88.3348617554
nan,28.7821578979,72.4758377075
nan,31.6615600586,25.232831955
nan,28.8980197906,97.9512023926
nan,34.8788642883,41.129573822
nan,18.2288646698,41.1969718933
nan,35.7430038452,98.1624298096
nan,22.9491519928,67.0003433228
nan,31.6467475891,103.969741821
nan,21.7779941559,79.2757339478
nan,25.5949668884,28.0520000458
nan,28.7376708984,114.389022827
nan,24.4405117035,45.584197998
nan,24.5158004761,46.2262802124
nan,19.8361225128,98.0873260498
nan,24.760351181,70.1748123169
nan,19.71758461,104.724136353
nan,24.3386325836,93.9384231567
nan,22.4947967529,30.5770111084
nan,29.2409038544,123.761199951
nan,24.5347366333,49.7794914246
nan,25.9083766937,51.2595329285
nan,26.8485813141,144.118682861
nan,24.5990486145,74.0338439941
nan,27.0731239319,148.343093872
nan,24.9362564087,105.8515625
nan,31.0895843506,30.6426715851
nan,16.10754776,154.249435425
nan,32.4463043213,51.4472732544
nan,20.6303386688,53.3185157776
nan,28.3080997467,153.040374756
nan,19.7396965027,87.180015564
nan,23.2568702698,174.571380615
nan,26.2148647308,129.271499634
nan,22.3794612885,38.8399620056
nan,22.6865081787,195.548751831
nan,18.4337253571,64.1954650879
nan,23.1329975128,69.6921768188
nan,18.4446296692,218.438339233
nan,22.8846607208,77.7839813232
nan,21.2454986572,239.421707153
nan,24.5580635071,210.897399902
nan,20.2405490875,44.1308898926
nan,21.3787822723,266.160552979
nan,22.3672504425,73.5147171021
nan,20.4234638214,85.6616210938
nan,22.6379737854,44.543548584
nan,20.7430591583,43.4760055542
nan,26.7646217346,43.8712043762
nan,12.8804979324,48.9579391479
nan,28.3180828094,41.8768463135
nan,17.0867404938,57.1220359802
nan,24.3229503632,61.108417511
nan,16.4590206146,48.6660766602
nan,19.8167705536,54.138004303
nan,22.6683540344,58.2198867798
nan,19.1971626282,46.8364486694
nan,19.6382389069,45.2804756165
nan,15.8146429062,45.7459335327
nan,20.1760025024,52.8941650391
nan,15.8852739334,43.0131950378
nan,20.0227737427,53.8628120422
nan,18.5891113281,57.7397994995
nan,23.2781162262,44.806804657
nan,18.8323097229,50.6974639893
nan,19.9779090881,54.530166626
nan,21.0932884216,48.3106994629
nan,19.0735607147,46.338809967
nan,21.1907577515,46.8276290894
nan,19.3364105225,54.6583557129
nan,25.4495105743,43.7982711792
nan,11.6877536774,52.073059082
nan,27.028093338,56.036605835
nan,15.7507591248,42.053565979
nan,22.7782745361,49.0222854614
nan,15.1215524673,52.9822387695
nan,18.3808441162,54.9223556519
nan,21.1559906006,54.239982605
nan,17.7712421417,54.1739082336
nan,18.1706466675,61.7287445068
nan,14.4519004822,51.9947013855
nan,18.640001297,69.4045639038
nan,14.4405994415,75.76927948
nan,18.4286899567,56.2210197449
nan,17.026014328,65.7435379028
nan,23.2862071991,71.9699707031
nan,18.4941158295,48.7887573242
nan,19.677728653,49.3907318115
nan,20.790719986,47.7452583313
nan,18.6846523285,51.8630867004
nan,20.7235984802,47.3622398376
nan,18.8999958038,61.8262786865
nan,24.3940258026,66.4111175537
nan,10.6891479492,50.9071769714
nan,26.3247699738,58.898979187
nan,14.6516151428,63.3622207642
nan,21.773015976,52.3620147705
nan,13.9936513901,53.9641723633
nan,17.3371906281,51.0759544373
nan,20.1873340607,57.9191169739
nan,16.7284984589,50.8852500916
nan,17.0949440002,62.3654937744
nan,13.3426685333,67.0644760132
nan,17.5402908325,50.5527076721
nan,13.3105773926,58.7531356812
nan,17.3007259369,63.1830368042
nan,15.882440567,38.6365585327
nan,17.2615203857,37.6810531616
nan,13.5184049606,36.6880111694
nan,14.5821228027,38.9192466736
nan,15.6795349121,35.8016242981
nan,14.1010370255,40.8237075806
nan,15.919667244,43.2429237366
nan,14.5444030762,33.7513046265
nan,18.9599494934,38.8475608826
nan,20.8493709564,41.3513946533
nan,10.8408136368,41.0253219604
nan,16.9719219208,40.851360321
nan,10.4012336731,38.7404289246
nan,13.3277015686,40.9676704407
nan,15.8172521591,38.4351997375
nan,12.9479084015,40.0493240356
nan,13.316157341,42.5646514893
nan,10.2090024948,29.521697998
nan,13.7286052704,36.4979019165
nan,10.2078781128,40.2272834778
nan,13.5623626709,47.4477767944
nan,12.4128456116,48.3910484314
nan,13.946059227,44.2075805664
nan,10.4057064056,46.1222572327
nan,11.5604810715,44.5411491394
nan,12.7165489197,37.3335113525
nan,11.207493782,41.6371307373
nan,13.0026874542,28.7808322906
nan,11.5924530029,34.2501831055
nan,15.333738327,38.8147239685
nan,16.6055793762,42.3709335327
nan,13.3663787842,41.7556686401
nan,10.1048707962,39.6530570984
nan,12.4647397995,40.5659217834
nan,10.1788702011,39.303478241
nan,10.556596756,37.2684440613
nan,10.4597263336,40.8689117432
nan,12.4826059341,29.7061882019
nan,10.2025814056,34.6509361267
nan,11.4559078217,38.4065132141
nan,11.7576904297,48.4477729797
nan,10.1935014725,49.9906044006
nan,13.8173313141,45.5582313538
nan,14.6972551346,46.4511680603
nan,11.5382356644,46.7270774841
nan,10.7432098389,43.9887580872
nan,13.6039791107,47.4882621765
nan,11.0470600128,35.0515632629
nan,12.5208044052,41.0926246643
nan,10.651725769,44.4853973389
nan,12.8140335083,52.9182701111
nan,10.9764900208,56.6148529053
nan,14.9485750198,50.3269195557
nan,15.7532558441,51.9477539062
nan,12.2286214828,52.9231376648
nan,11.3336839676,53.8841323853
nan,15.7262125015,57.4378929138
nan,10.979218483,42.9926719666
nan,12.7101049423,50.5617179871
nan,14.3891983032,53.889175415
nan,12.0923261642,31.6262359619
nan,14.6051864624,39.3680534363
nan,12.316742897,25.2649898529
nan,16.7779140472,34.1356163025
nan,17.6284427643,46.2347450256
nan,13.5426158905,18.896604538
nan,12.5124692917,27.3714389801
nan,15.4046373367,39.8635215759
nan,10.5560350418,46.7863121033
nan,12.3770904541,50.2852325439
nan,14.0987005234,21.7660732269
nan,11.6638860703,29.5988006592
nan,14.18318367,33.8711204529
nan,11.7386388779,33.4575805664
nan,15.9784154892,16.992603302
nan,16.7077217102,27.7227859497
nan,12.5882253647,11.8470907211
nan,11.6200332642,16.8279247284
nan,13.2431221008,33.4578132629
nan,10.4329710007,39.7434959412
nan,12.1650285721,27.8378334045
nan,12.2554550171,34.3327903748
nan,13.731754303,44.2793769836
nan,14.3632249832,21.133687973
nan,10.5600242615,27.9887218475
nan,12.1974840164,37.1432685852
nan,11.1275882721,45.5910797119
nan,11.1300621033,53.3246116638
nan,12.3167181015,22.4175872803
nan,12.835272789,29.4284820557
nan,11.9729642868,33.8955688477
nan,10.9227790833,35.7918663025
nan,10.9266777039,17.0272693634
nan,12.0234088898,27.6969203949
nan,12.4841356277,11.2253255844
nan,12.7817153931,16.4104499817
nan,11.5950365067,41.7889060974
nan,11.5470190048,49.4523925781
nan,12.67436409,34.371383667
nan,13.1679649353,41.8348999023
nan,20.6688690186,49.0308570862
nan,17.5221748352,24.741394043
nan,17.9538078308,31.9529037476
nan,18.403345108,40.7257499695
nan,16.9037342072,46.6371269226
nan,18.4403743744,52.5167732239
nan,17.6634426117,24.502412796
nan,22.8039722443,31.8785171509
nan,12.1755752563,36.7945556641
nan,25.5573329926,38.5007781982
nan,16.6538829803,17.9780158997
nan,22.5896282196,29.4419670105
nan,16.4062671661,11.4450883865
nan,18.9002990723,16.9458065033
nan,20.8181819916,51.617816925
nan,18.1473731995,60.6514396667
nan,18.6007118225,41.7662734985
nan,15.8087673187,50.0155563354
nan,19.3431510925,56.4594116211
nan,16.1544513702,30.0197257996
nan,19.4061393738,37.6237068176
nan,18.2629928589,46.4325523376
nan,22.2344837189,51.0319862366
nan,18.5190467834,55.3681221008
nan,19.1876544952,28.6722831726
nan,19.6436157227,36.4364204407
nan,17.5069389343,41.4180908203
nan,18.8142356873,42.4200363159
nan,17.0451583862,20.8761615753
nan,19.8551826477,33.1469306946
nan,20.8690948486,13.1992340088
nan,12.9036607742,19.2639198303
nan,18.148475647,52.0465316772
nan,12.2661571503,60.7986984253
nan,14.7813692093,42.3291549683
nan,16.6815509796,49.4612350464
nan,14.0381717682,54.3066902161
nan,14.1490764618,31.1520500183
nan,11.3606176376,37.8300323486
nan,14.4805936813,45.2353286743
nan,11.3787641525,47.7879600525
nan,14.3532381058,48.648059845
nan,13.3062353134,29.351568222
nan,182.7684021,36.1996421814
nan,126.321922302,40.1190910339
nan,264.45223999,39.7629356384
nan,52.2348937988,21.9277038574
nan,257.662994385,32.8366394043
nan,37.6705207825,14.467414856
nan,207.916610718,20.1980838776
nan,209.240844727,54.1262016296
nan,172.065719604,64.0467071533
nan,228.524841309,43.8147888184
nan,227.281890869,50.9402618408
nan,22.2030181885,54.9729804993
nan,163.650146484,31.7462997437
nan,125.146057129,38.2920799255
nan,247.552154541,45.4510536194
nan,52.2315864563,47.5770797729
nan,245.73374939,48.0291595459
nan,36.7688217163,29.215303421
nan,200.453552246,35.6860923767
nan,204.582778931,39.4782142639
nan,166.198120117,39.1279678345
nan,222.158920288,21.82122612
nan,223.692779541,31.8569335938
nan,20.150850296,14.6922721863
nan,309.630645752,19.8815231323
nan,262.178314209,56.7934112549
nan,364.711303711,68.9905700684
nan,197.426742554,45.4933586121
nan,348.31741333,51.7110900879
nan,81.1162796021,52.7095527649
nan,334.20880127,33.121006012
nan,337.145477295,39.4036140442
nan,216.248596191,45.7804946899
nan,336.533599854,46.6482200623
nan,330.233337402,46.4209747314
nan,15.0686998367,30.2030181885
nan,375.157836914,36.3743515015
nan,297.186981201,39.7022094727
nan,518.496948242,38.7933959961
nan,194.43208313,22.6639328003
nan,457.819763184,32.4109191895
nan,33.8508682251,15.2643404007
nan,379.399810791,20.54255867
nan,484.610290527,59.5438232422
nan,253.867858887,72.7605667114
nan,404.319580078,47.5386619568
nan,393.686584473,53.9386749268
nan,484.879241943,54.487449646
nan,424.797393799,34.4241027832
nan,736.639831543,40.6957969666
nan,272.690979004,47.0749549866
nan,680.105041504,48.0273590088
nan,475.832214355,47.9465446472
nan,674.949157715,30.8939189911
nan,165.556655884,36.9590377808
nan,465.619628906,40.2964515686
nan,544.864074707,39.4822883606
nan,39.5611495972,23.1043777466
nan,85.2418212891,32.5785140991
nan,29.3580245972,15.6612329483
nan,41.8607330322,20.7672214508
nan,40.7777862549,77.6250152588
nan,40.3542556763,84.6795196533
nan,38.4275665283,59.2289352417
nan,33.3296127319,64.345993042
nan,33.3253746033,63.3924789429
nan,27.9078102112,43.2399406433
nan,42.7014808655,49.4613990784
nan,83.9495697021,55.3088912964
nan,27.7886886597,55.389995575
nan,39.7188911438,54.7491416931
nan,40.4589614868,37.7610664368
nan,35.5961036682,43.9146957397
nan,36.6479797363,46.662399292
nan,31.9815273285,44.7574119568
nan,31.4333133698,28.271697998
nan,27.2565135956,38.0228271484
nan,50.5321769714,19.2997779846
nan,93.0804290771,24.9896850586
nan,36.496006012,85.7316970825
nan,47.2947273254,86.4008560181
nan,47.8909606934,61.6961708069
nan,41.0082473755,65.0783615112
nan,43.0220794678,66.0873565674
nan,36.2937507629,48.7370643616
nan,33.6428833008,54.0215606689
nan,29.4456748962,59.477558136
nan,60.9708595276,59.6031684875
nan,104.21421814,58.8526573181
nan,37.7461929321,43.1292648315
nan,51.9032173157,49.0732917786
nan,54.1619682312,51.6593894958
nan,43.2946128845,49.6680755615
nan,47.2523841858,33.60546875
nan,39.8749809265,43.5169181824
nan,37.3161201477,24.0074539185
nan,32.8277015686,30.1344261169
nan,71.1993865967,73.2278289795
nan,113.706512451,90.5842056274
nan,39.2670707703,54.1389923096
nan,58.4597549438,54.8481369019
nan,61.3356590271,52.4587936401
nan,48.0713691711,43.3566856384
nan,52.7149162292,48.0191268921
nan,43.8655853271,52.7765846252
nan,41.1362304688,51.7536773682
nan,35.8423347473,50.0633735657
nan,190.73916626,38.4622039795
nan,131.363815308,43.5928611755
nan,32.1941871643,45.6816978455
nan,191.448745728,43.561542511
nan,156.047317505,30.3288593292
nan,193.421157837,38.9827079773
nan,111.319145203,22.0690574646
nan,27.7129840851,27.4754943848
nan,155.655883789,83.4907531738
nan,39.8775749207,111.992706299
nan,151.843338013,64.2511672974
nan,108.900245667,61.9234237671
nan,35.1066398621,54.9416465759
nan,155.612304688,49.8389778137
nan,127.276100159,55.2520179749
nan,157.930557251,60.2110443115
nan,92.8515090942,58.1030349731
nan,29.8882961273,54.8680992126
nan,130.731323242,43.004699707
nan,41.4257354736,48.4263801575
nan,192.308029175,50.0850906372
nan,139.194244385,46.8413467407
nan,43.756149292,33.2658805847
nan,192.486923218,42.1034545898
nan,161.492782593,24.0094013214
nan,193.7059021,29.5798625946
nan,123.450317383,100.022888184
nan,35.6946296692,103.862426758
nan,158.124160767,59.7306900024
nan,49.4260978699,55.1413040161
nan,224.034606934,48.9185562134
nan,164.04208374,49.7791442871
nan,50.4909667969,53.8563041687
nan,219.201675415,56.7133293152
nan,185.330123901,54.7818565369
nan,216.765991211,53.0663948059
nan,139.90272522,43.1635551453
nan,39.8636512756,47.5442047119
nan,171.698913574,48.257900238
nan,54.3204803467,45.2333374023
nan,195.494598389,34.340877533
nan,143.211120605,41.9466400146
nan,46.9079360962,25.563079834
nan,197.200012207,30.8352947235
nan,165.744674683,94.2304077148
nan,198.999450684,97.8652420044
nan,128.912078857,56.5646934509
nan,38.6096382141,53.7032165527
nan,163.611587524,47.7747917175
nan,53.9614181519,49.0729217529
nan,219.898986816,52.662651062
nan,160.473632812,56.0514526367
nan,51.1716003418,54.3608932495
nan,222.158782959,53.119468689
nan,185.640365601,43.1202850342
nan,224.521881104,47.2297019958
nan,143.789230347,48.0699768066
nan,40.7689094543,45.2561035156
nan,183.339370728,34.9170722961
nan,57.2530937195,42.2905921936
nan,219.733978271,26.286365509
nan,159.989440918,31.5549411774
nan,48.7489891052,87.3955459595
nan,221.749221802,90.5179977417
nan,185.02355957,54.13539505
nan,224.01914978,52.1264305115
nan,142.794265747,47.5713729858
nan,38.7576446533,46.8505058289
nan,182.010238647,50.0634422302
nan,55.1492118835,53.3589553833
nan,246.03187561,52.4367218018
nan,177.842025757,52.0767593384
nan,52.5959358215,41.0616607666
nan,248.880096436,44.8545646667
nan,206.109466553,45.9001464844
nan,252.049316406,43.7962226868
nan,158.253753662,33.4590644836
nan,40.6337280273,40.2242927551
nan,203.678192139,25.5248184204
nan,58.144569397,30.2740249634
nan,180.44468689,104.107955933
nan,133.366241455,109.084350586
nan,43.953540802,62.8094062805
nan,181.972457886,60.8411445618
nan,153.562652588,54.9672851562
nan,183.288970947,54.0709190369
nan,120.120910645,57.9557380676
nan,35.5144882202,61.8518180847
nan,149.310882568,60.4439468384
nan,49.6819992065,59.8687057495
nan,222.734664917,46.6847381592
nan,163.234405518,51.0765190125
nan,52.2302055359,52.3021736145
nan,224.574157715,49.8515129089
nan,187.876480103,37.5095710754
nan,226.149276733,45.1302185059
nan,145.248886108,28.3720684052
nan,40.4004707336,33.5505561829
nan,181.460067749,97.4904785156
nan,56.3804283142,99.2538070679
nan,140.788604736,62.0120277405
nan,108.534751892,58.7399520874
nan,42.853012085,52.9830093384
nan,142.243499756,53.0779800415
nan,120.574363708,55.9802474976
nan,141.179672241,59.6683692932
nan,90.6082382202,58.5915565491
nan,35.0214042664,57.9265365601
nan,114.335922241,47.184879303
nan,45.278175354,51.029800415
nan,158.180130005,52.0452613831
nan,120.973068237,49.6262168884
nan,47.6594429016,39.2295761108
nan,158.212921143,46.1890258789
nan,136.703979492,30.3373813629
nan,156.711303711,35.5168304443
nan,109.031860352,115.383308411
nan,39.5016555786,116.652549744
nan,128.077941895,77.0001678467
nan,51.7735977173,66.1388015747
nan,115.177833557,58.1199150085
nan,91.4121017456,58.8659439087
nan,42.3350830078,60.6172103882
nan,115.388343811,62.4022254944
nan,101.796585083,63.29737854
nan,114.181999207,62.5144577026
nan,83.8686523438,51.9935569763
nan,37.0977287292,55.5307769775
nan,95.1112136841,55.9843673706
nan,47.2454948425,53.7929115295
nan,200.839981079,42.8175468445
nan,154.353622437,49.6379051208
nan,61.7089004517,32.8733177185
nan,199.392837524,38.2664222717
nan,172.391159058,100.644813538
nan,196.845779419,102.11190033
nan,136.671646118,73.4446487427
nan,48.62657547,66.7726593018
nan,159.568435669,55.3725624084
nan,62.6052932739,55.902179718
nan,129.585708618,56.9452323914
nan,104.579040527,57.6974143982
nan,48.4543457031,56.4719467163
nan,127.917404175,57.24036026
nan,113.878814697,49.9155349731
nan,125.278152466,53.0528450012
nan,93.2688751221,52.9801177979
nan,40.8030700684,50.4461631775
nan,103.017951965,41.7768287659
nan,51.189540863,47.7776565552
nan,181.765441895,32.5506706238
nan,142.958221436,37.6162452698
nan,59.4155311584,100.641654968
nan,180.081375122,102.23614502
nan,157.372299194,73.7226028442
nan,177.423095703,68.8162231445
nan,126.453765869,57.2482185364
nan,47.9125099182,56.0504455566
nan,144.757415771,56.9268608093
nan,60.9464035034,57.9943504333
nan,200.880187988,56.0734367371
nan,157.347824097,57.4087219238
nan,63.1530265808,49.713684082
nan,200.80267334,52.8492164612
nan,174.202987671,52.9206085205
nan,198.994796753,50.3787536621
nan,140.167922974,41.4333000183
nan,49.9356307983,47.2078552246
nan,163.20652771,32.3163337708
nan,64.4992828369,37.1117210388
nan,360.085418701,104.315711975
nan,270.899597168,104.626358032
nan,78.3866958618,80.3343200684
nan,372.864471436,69.5486755371
nan,306.999298096,58.0725440979
nan,377.728607178,57.5125198364
nan,242.552307129,57.3157119751
nan,56.1111068726,58.1849136353
nan,307.462493896,56.6714172363
nan,81.1790618896,58.6348609924
nan,1696.22155762,51.6389579773
nan,1362.58178711,54.3736839294
nan,4100.09472656,54.0120620728
nan,4578.23046875,51.6309280396
nan,4482.87304688,43.2329292297
nan,5106.67285156,48.537979126
nan,2466.52661133,33.8561248779
nan,2119.9440918,38.5951461792
nan,2774.48486328,85.9648284912
nan,2617.94506836,85.2233505249
nan,4947.52099609,68.413734436
nan,5728.19091797,62.7098083496
nan,5551.28076172,52.8810043335
nan,6401.47558594,51.7062759399
nan,4996.56884766,51.0388717651
nan,5747.19482422,51.8640861511
nan,4631.88183594,50.226940155
nan,5210.25341797,52.6091804504
nan,3136.58886719,46.7686767578
nan,2388.18969727,49.0686378479
nan,11319.8486328,49.1281929016
nan,13105.3222656,47.2681312561
nan,1666.6184082,40.0445518494
nan,1653.84179688,44.4966087341
nan,1669.0222168,32.0299491882
nan,1519.79516602,36.1104202271
nan,6561.78173828,88.6736679077
nan,6976.51318359,90.0783996582
nan,2956.53271484,72.1643066406
nan,2240.86499023,69.8000564575
nan,2772.84741211,56.3739852905
nan,2584.57617188,53.8413238525
nan,1799.04272461,53.3101348877
nan,1656.89099121,54.4279212952
nan,2027.15100098,52.6905212402
nan,1873.64379883,56.4741783142
nan,2323.140625,48.4215164185
nan,2151.54711914,51.0312423706
nan,2359.99682617,51.4775161743
nan,2175.96435547,49.6016426086
nan,1846.23413086,40.9431495667
nan,1616.95422363,45.8080215454
nan,1085.58654785,32.4329948425
nan,737.110839844,36.5472259521
nan,209.898620605,91.3354873657
nan,201.522979736,91.0827789307
nan,115.639259338,74.0635757446
nan,185.320892334,70.9667510986
nan,281.380706787,57.5039482117
nan,205.045593262,55.9687957764
nan,148.58706665,54.9296150208
nan,160.847900391,55.6302185059
nan,157.940612793,53.40807724
nan,310.23739624,57.1638526917
nan,189.032745361,50.1156692505
nan,121.714393616,52.3545341492
nan,181.954345703,52.5244216919
nan,91.1723175049,50.530380249
nan,108.066635132,42.519153595
nan,126.88381958,46.9333076477
nan,147.374740601,33.8024673462
nan,154.469100952,37.7973022461
nan,70.0473327637,83.2627182007
nan,79.0054397583,80.3887710571
nan,80.5962371826,68.6207580566
nan,196.375701904,64.4704437256
nan,453.821105957,53.69323349
nan,314.062744141,53.9789848328
nan,187.49130249,52.2239723206
nan,152.945663452,51.9224357605
nan,173.266479492,50.4696769714
nan,130.585754395,54.1283683777
nan,119.280548096,48.7210006714
nan,427.399810791,50.4096870422
nan,292.520721436,50.3207168579
nan,171.716690063,49.1004600525
nan,138.939605713,42.2798347473
nan,158.712921143,45.9392547607
nan,117.851516724,34.2696647644
nan,106.884094238,37.9652099609
nan,513.452941895,58.1104850769
nan,364.501525879,55.7740821838
nan,220.953079224,48.7148895264
nan,172.17628479,45.9301872253
nan,209.512130737,39.2482299805
nan,158.729827881,39.0133285522
nan,143.555557251,37.8038520813
nan,504.774291992,37.5658836365
nan,355.27255249,36.1914558411
nan,213.479141235,38.8205528259
nan,167.525878906,35.3729934692
nan,201.653671265,36.4518699646
nan,152.350830078,36.36977005
nan,137.948791504,35.4597549438
nan,358.69152832,31.0600242615
nan,248.545318604,33.4952011108
nan,147.831878662,25.5331954956
nan,114.682029724,28.1002025604
nan,139.197250366,52.8823471069
nan,102.983222961,51.3818740845
nan,92.5770187378,44.4300994873
nan,346.501037598,41.9925880432
nan,235.054946899,36.1590270996
nan,135.786056519,35.1920814514
nan,104.513336182,34.4278793335
nan,126.207572937,34.4467430115
nan,90.3484573364,33.3374977112
nan,80.079460144,35.6248588562
nan,587.587341309,31.9877986908
nan,411.937011719,33.1302947998
nan,242.360183716,33.1692886353
nan,186.829193115,32.4226760864
nan,228.848464966,27.80626297
nan,173.057830811,30.2929191589
nan,157.816894531,22.6474113464
nan,1117.05444336,25.0876960754
nan,785.969787598,56.1245040894
nan,458.523590088,55.4146270752
nan,365.519775391,46.8409500122
nan,425.865722656,44.8797340393
nan,328.547546387,39.2161216736
nan,301.680603027,36.5954742432
nan,1158.48181152,36.3749961853
nan,779.54901123,36.7901611328
nan,413.654968262,35.9073829651
nan,365.747833252,38.607837677
nan,364.287994385,33.173248291
nan,280.148284912,34.7217941284
nan,256.970245361,35.0277366638
nan,630.502807617,34.4987068176
nan,421.799102783,28.3395748138
nan,222.080093384,31.4763507843
nan,183.853256226,22.7252483368
nan,196.492828369,25.4552764893
nan,143.751617432,75.2261428833
nan,127.819946289,74.8033370972
nan,565.234130859,63.0332756042
nan,395.384216309,61.0131416321
nan,226.881530762,52.7817573547
nan,188.084899902,48.0807266235
nan,200.525375366,48.1171875
nan,150.736114502,48.7685089111
nan,135.273147583,47.4510345459
nan,1321.61376953,51.6654777527
nan,943.050170898,43.6159133911
nan,547.582519531,45.9020843506
nan,468.77041626,46.4354743958
nan,489.472320557,45.9134979248
nan,387.837005615,36.8471031189
nan,357.987945557,41.4035682678
nan,705.318359375,29.1696624756
nan,489.723205566,32.9434623718
nan,276.340454102,95.1569366455
nan,233.445251465,96.7305450439
nan,245.511123657,79.4993743896
nan,192.382644653,78.2702331543
nan,178.981658936,68.7466888428
nan,496.17565918,61.1813163757
nan,375.804992676,61.5275001526
nan,238.861557007,63.0291671753
nan,192.419769287,61.0475311279
nan,227.220214844,65.1443099976
nan,182.84147644,55.1720275879
nan,168.349227905,58.2813796997
nan,560.200744629,59.0869178772
nan,433.333435059,58.0389251709
nan,284.763336182,46.2989578247
nan,233.211425781,52.2825622559
nan,268.839385986,36.4411735535
nan,222.976119995,41.2444763184
nan,208.076660156,79.7483901978
nan,546.007873535,81.6697769165
nan,417.916015625,68.6732711792
nan,269.374176025,67.5694351196
nan,217.96913147,60.3426055908
nan,254.508987427,53.7063293457
nan,208.32661438,54.2186470032
nan,192.78565979,55.0520401001
nan,674.259338379,54.1251068115
nan,509.024627686,56.7824058533
nan,318.922088623,48.8143196106
nan,261.306976318,51.7245597839
nan,298.163116455,52.2070846558
nan,243.575668335,51.5209236145
nan,225.889801025,41.5293464661
nan,714.225036621,46.7257957458
nan,534.68939209,33.1249694824
nan,326.289245605,37.3583984375
nan,264.427154541,69.2212982178
nan,304.044708252,72.0432052612
nan,246.065032959,59.8518676758
nan,226.472808838,59.9698982239
nan,901.627563477,53.5305175781
nan,669.951660156,46.5370025635
nan,404.653808594,47.4078483582
nan,330.506744385,49.2257614136
nan,372.254516602,48.2449378967
nan,303.621307373,51.6261711121
nan,279.932891846,42.4786186218
nan,1238.97814941,45.3008460999
nan,925.047241211,46.2520599365
nan,576.384216309,45.6257324219
nan,496.471679688,35.9239692688
nan,521.655395508,40.9894752502
nan,441.735961914,28.4643955231
nan,411.325286865,32.3210716248
nan,1181.9831543,64.2372589111
nan,843.300292969,66.8561935425
nan,487.733306885,55.8505134583
nan,424.319488525,56.0142021179
nan,433.977233887,49.9783973694
nan,359.649810791,43.4904441833
nan,329.816558838,44.3033332825
nan,1422.28039551,46.1423187256
nan,998.196289062,45.1477775574
nan,580.318359375,48.0348014832
nan,558.044921875,39.8805961609
nan,505.264892578,42.4838981628
nan,432.379943848,43.4245491028
nan,405.108032227,42.765537262
nan,nan,33.7782936096
nan,nan,38.5494537354
nan,nan,26.7922916412
nan,nan,30.446056366
nan,nan,64.6480941772
nan,nan,67.1254348755
nan,nan,56.5743331909
nan,nan,56.8636703491
nan,nan,51.4159393311
nan,nan,43.5462493896
nan,nan,44.4577026367
nan,nan,46.3008728027
nan,nan,45.607257843
nan,nan,48.4425888062
nan,nan,40.0133895874
nan,nan,42.6846008301
nan,nan,43.7102165222
nan,nan,43.2024459839
nan,nan,33.7665023804
nan,nan,38.6231231689
nan,nan,26.7044715881
nan,nan,30.3702602386
nan,nan,75.4976959229
nan,nan,78.6553573608
nan,nan,65.4436187744
nan,nan,65.6510238647
nan,nan,58.5785942078
nan,nan,50.5008773804
nan,nan,51.5724906921
nan,nan,53.6712684631
nan,nan,52.8713912964
nan,nan,56.7636413574
nan,nan,46.3583068848
nan,nan,49.4552192688
nan,nan,50.6144676208
nan,nan,50.0543556213
nan,nan,38.9973182678
nan,nan,44.6596794128
nan,nan,30.7466602325
nan,nan,35.0311660767
nan,nan,233.918777466
nan,nan,236.340270996
nan,nan,187.5
nan,nan,179.787857056
nan,nan,150.874603271
nan,nan,141.208480835
nan,nan,142.94303894
nan,nan,146.806167603
nan,nan,154.025100708
nan,nan,160.330230713
nan,nan,127.380027771
nan,nan,138.407196045
nan,nan,140.436218262
nan,nan,139.584213257
nan,nan,102.623130798
nan,nan,120.427444458
nan,nan,79.0319366455
nan,nan,91.4231414795
nan,nan,227.711410522
nan,nan,227.982009888
nan,nan,203.45954895
nan,nan,204.210266113
nan,nan,201.12322998
nan,nan,140.681747437
nan,nan,141.01411438
nan,nan,143.584747314
nan,nan,142.174057007
nan,nan,191.685470581
nan,nan,132.20614624
nan,nan,140.819107056
nan,nan,148.823944092
nan,nan,153.812957764
nan,nan,108.718452454
nan,nan,126.586585999
nan,nan,82.2800750732
nan,nan,97.7597122192
nan,nan,147.334060669
nan,nan,150.172714233
nan,nan,134.083465576
nan,nan,137.460922241
nan,nan,139.227630615
nan,nan,115.70362854
nan,nan,122.111824036
nan,nan,126.36542511
nan,nan,128.855209351
nan,nan,131.833602905
nan,nan,106.540840149
nan,nan,113.477531433
nan,nan,117.767738342
nan,nan,120.018203735
nan,nan,85.7319335938
nan,nan,113.03313446
nan,nan,66.0281829834
nan,nan,82.0017623901
nan,nan,88.5668258667
nan,nan,87.1501312256
nan,nan,78.1906433105
nan,nan,80.2921600342
nan,nan,84.2981109619
nan,nan,71.7096099854
nan,nan,71.0675430298
nan,nan,75.1016845703
nan,nan,78.562828064
nan,nan,80.5338973999
nan,nan,65.3089523315
nan,nan,66.9374771118
nan,nan,69.7686080933
nan,nan,72.1728134155
nan,nan,53.3439369202
nan,nan,61.7249946594
nan,nan,40.7792930603
nan,nan,51.9728279114
nan,nan,82.7580108643
nan,nan,84.271446228
nan,nan,73.2260894775
nan,nan,75.5166015625
nan,nan,77.776008606
nan,nan,65.8602523804
nan,nan,64.775932312
nan,nan,68.4061431885
nan,nan,70.8579025269
nan,nan,72.6589202881
nan,nan,56.2884864807
nan,nan,59.4491577148
nan,nan,62.6129302979
nan,nan,63.6765785217
nan,nan,46.2420692444
nan,nan,56.529800415
nan,nan,39.2623596191
nan,nan,43.9489784241
nan,nan,132.261245728
nan,nan,135.426696777
nan,nan,116.746276855
nan,nan,119.682830811
nan,nan,121.921279907
nan,nan,96.1985397339
nan,nan,100.994552612
nan,nan,105.399467468
nan,nan,106.931335449
nan,nan,107.53502655
nan,nan,58.6083068848
nan,nan,91.0772018433
nan,nan,95.954498291
nan,nan,93.2520294189
nan,nan,58.6332855225
nan,nan,70.2961807251
nan,nan,48.6659393311
nan,nan,56.1881637573
nan,nan,86.1365203857
nan,nan,84.7507324219
nan,nan,76.7225646973
nan,nan,75.9163131714
nan,nan,75.4195861816
nan,nan,66.0005187988
nan,nan,67.7284317017
nan,nan,69.0553436279
nan,nan,68.3470153809
nan,nan,67.4414978027
nan,nan,46.4236068726
nan,nan,61.7442588806
nan,nan,64.2737579346
nan,nan,60.8397598267
nan,nan,47.4366798401
nan,nan,54.5758705139
nan,nan,41.6542320251
nan,nan,46.9076461792
nan,nan,98.6846847534
nan,nan,95.8190078735
nan,nan,88.0986099243
nan,nan,86.2803192139
nan,nan,85.6459274292
nan,nan,77.0429458618
nan,nan,78.0754394531
nan,nan,78.8294219971
nan,nan,79.0555419922
nan,nan,75.6931533813
nan,nan,52.3210487366
nan,nan,72.961555481
nan,nan,75.2812042236
nan,nan,74.8004074097
nan,nan,54.8822135925
nan,nan,63.4953384399
nan,nan,48.4223175049
nan,nan,54.2666511536
nan,nan,93.5563354492
nan,nan,92.625541687
nan,nan,82.2578659058
nan,nan,82.4681243896
nan,nan,83.7783355713
nan,nan,69.0385284424
nan,nan,72.3235092163
nan,nan,74.6251525879
nan,nan,76.4539031982
nan,nan,75.208656311
nan,nan,48.6856536865
nan,nan,66.3603668213
nan,nan,69.8031845093
nan,nan,70.7028961182
nan,nan,48.5766334534
nan,nan,57.1728401184
nan,nan,41.4795799255
nan,nan,46.8428726196
nan,nan,83.9052276611
nan,nan,84.1929244995
nan,nan,73.2916030884
nan,nan,75.0355300903
nan,nan,77.3618011475
nan,nan,60.4002723694
nan,nan,64.8695602417
nan,nan,68.5834655762
nan,nan,70.906211853
nan,nan,72.2743530273
nan,nan,45.7580413818
nan,nan,57.3796386719
nan,nan,63.0232086182
nan,nan,62.8438301086
nan,nan,45.0510406494
nan,nan,53.1467933655
nan,nan,36.4973297119
nan,nan,41.752040863
nan,nan,92.7903518677
nan,nan,93.3091659546
nan,nan,77.389213562
nan,nan,74.8475646973
nan,nan,65.4189682007
nan,nan,55.3507614136
nan,nan,56.8278770447
nan,nan,57.6949653625
nan,nan,58.7649536133
nan,nan,60.4274406433
nan,nan,48.934425354
nan,nan,55.3162956238
nan,nan,57.2907562256
nan,nan,56.2949028015
nan,nan,45.5248794556
nan,nan,53.1571922302
nan,nan,38.0592575073
nan,nan,42.1402053833
nan,nan,61.1797370911
nan,nan,63.4143981934
nan,nan,48.7148094177
nan,nan,50.038898468
nan,nan,51.4986801147
nan,nan,41.3964233398
nan,nan,45.0377540588
nan,nan,48.2562713623
nan,nan,50.4950752258
nan,nan,51.7303581238
nan,nan,35.8394355774
nan,nan,41.5154800415
nan,nan,44.1797790527
nan,nan,44.9957008362
nan,nan,32.9625778198
nan,nan,39.9706001282
nan,nan,28.1851463318
nan,nan,31.1464614868
nan,nan,42.6331138611
nan,nan,42.8061447144
nan,nan,38.1302566528
nan,nan,39.8476676941
nan,nan,42.0334396362
nan,nan,33.2504692078
nan,nan,36.1243667603
nan,nan,38.664604187
nan,nan,40.5276451111
nan,nan,41.4543418884
nan,nan,30.5659065247
nan,nan,34.6696510315
nan,nan,36.7412719727
nan,nan,37.6366271973
nan,nan,28.2917480469
nan,nan,33.7519378662
nan,nan,24.8149623871
nan,nan,27.2033081055
nan,nan,57.4812431335
nan,nan,59.5430831909
nan,nan,51.0623435974
nan,nan,54.4600791931
nan,nan,58.1634750366
nan,nan,43.1367073059
nan,nan,48.2201004028
nan,nan,52.2004356384
nan,nan,55.0963096619
nan,nan,56.7169265747
nan,nan,41.1177406311
nan,nan,46.0764503479
nan,nan,49.1048240662
nan,nan,50.5572357178
nan,nan,35.8879241943
nan,nan,43.6977767944
nan,nan,30.2660484314
nan,nan,33.8976364136
nan,nan,65.8004302979
nan,nan,69.8319778442
nan,nan,58.030002594
nan,nan,62.9972801208
nan,nan,68.208366394
nan,nan,47.8609161377
nan,nan,54.2718162537
nan,nan,59.5441932678
nan,nan,63.6414871216
nan,nan,66.3350601196
nan,nan,45.4073295593
nan,nan,51.2755813599
nan,nan,55.3369979858
nan,nan,57.6881256104
nan,nan,38.8853378296
nan,nan,48.0087280273
nan,nan,32.1818466187
nan,nan,36.3750648499
nan,nan,54.1650085449
nan,nan,57.6336555481
nan,nan,48.8231277466
nan,nan,53.1521110535
nan,nan,57.701210022
nan,nan,41.1054840088
nan,nan,46.4571800232
nan,nan,50.9784507751
nan,nan,54.5816345215
nan,nan,56.9676017761
nan,nan,39.3793182373
nan,nan,44.3682136536
nan,nan,47.9633598328
nan,nan,50.1807594299
nan,nan,34.3002738953
nan,nan,41.8881912231
nan,nan,28.4319324493
nan,nan,32.1405029297
nan,nan,37.670337677
nan,nan,39.1511878967
nan,nan,35.1234817505
nan,nan,37.0819625854
nan,nan,38.8841285706
nan,nan,31.7342262268
nan,nan,33.7754440308
nan,nan,36.1723556519
nan,nan,37.3915748596
nan,nan,38.517326355
nan,nan,29.9262771606
nan,nan,32.4914627075
nan,nan,34.1984672546
nan,nan,34.9428138733
nan,nan,26.5508117676
nan,nan,31.080745697
nan,nan,22.0911159515
nan,nan,24.8034133911
nan,nan,40.7001075745
nan,nan,42.4242782593
nan,nan,37.6842384338
nan,nan,39.9268760681
nan,nan,41.8199157715
nan,nan,33.3246231079
nan,nan,35.557220459
nan,nan,38.3596534729
nan,nan,39.5638465881
nan,nan,41.8651618958
nan,nan,31.0833015442
nan,nan,33.8313980103
nan,nan,35.7978935242
nan,nan,36.8752861023
nan,nan,26.9004764557
nan,nan,31.9306983948
nan,nan,21.9839248657
nan,nan,24.8491287231
nan,nan,41.5272636414
nan,nan,43.1220207214
nan,nan,38.5037727356
nan,nan,40.5395584106
nan,nan,42.2966918945
nan,nan,33.6233558655
nan,nan,35.9703559875
nan,nan,38.595916748
nan,nan,39.9538230896
nan,nan,42.350151062
nan,nan,31.3437366486
nan,nan,34.1572380066
nan,nan,36.0796852112
nan,nan,37.2300643921
nan,nan,26.7750072479
nan,nan,32.0640487671
nan,nan,21.7152519226
nan,nan,24.6553630829
nan,nan,33.7971343994
nan,nan,34.8265800476
nan,nan,31.4806919098
nan,nan,32.8635177612
nan,nan,33.7838668823
nan,nan,27.566160202
nan,nan,29.5578956604
nan,nan,31.1705551147
nan,nan,31.9548168182
nan,nan,33.2456436157
nan,nan,25.9598617554
nan,nan,28.1879825592
nan,nan,29.4208965302
nan,nan,29.9939403534
nan,nan,22.3754291534
nan,nan,26.5624904633
nan,nan,18.3142471313
nan,nan,20.7414550781
nan,nan,33.6781196594
nan,nan,34.5578346252
nan,nan,30.8342704773
nan,nan,32.2330589294
nan,nan,33.0948143005
nan,nan,26.2121829987
nan,nan,28.4781799316
nan,nan,29.9807109833
nan,nan,30.8634204865
nan,nan,32.3970184326
nan,nan,24.4084072113
nan,nan,26.7985954285
nan,nan,28.0749454498
nan,nan,28.7637653351
nan,nan,20.5019855499
nan,nan,24.8857288361
nan,nan,16.5055160522
nan,nan,18.8237190247
nan,nan,33.7525100708
nan,nan,34.8997573853
nan,nan,30.6217308044
nan,nan,32.4793052673
nan,nan,33.4934272766
nan,nan,26.1815757751
nan,nan,28.5436153412
nan,nan,30.2528247833
nan,nan,31.0557556152
nan,nan,32.3487892151
nan,nan,24.2495288849
nan,nan,26.7950344086
nan,nan,28.2477531433
nan,nan,29.0148277283
nan,nan,20.1201648712
nan,nan,24.8233852386
nan,nan,16.1185340881
nan,nan,18.4437446594
nan,nan,41.8325386047
nan,nan,43.0688209534
nan,nan,37.882938385
nan,nan,40.004196167
nan,nan,41.0108642578
nan,nan,32.5074882507
nan,nan,35.394859314
nan,nan,37.5112533569
nan,nan,38.462688446
nan,nan,40.0762062073
nan,nan,29.9054546356
nan,nan,33.0921936035
nan,nan,34.9116439819
nan,nan,35.9628715515
nan,nan,24.4678020477
nan,nan,30.618303299
nan,nan,19.1078643799
nan,nan,22.2715702057
nan,nan,44.3614234924
nan,nan,45.4254188538
nan,nan,39.8470344543
nan,nan,41.8127326965
nan,nan,42.954082489
nan,nan,34.1279716492
nan,nan,37.1302986145
nan,nan,39.2887077332
nan,nan,40.4137916565
nan,nan,42.1578216553
nan,nan,31.1083774567
nan,nan,34.4484100342
nan,nan,36.3662109375
nan,nan,37.6131477356
nan,nan,25.1718101501
nan,nan,31.6943702698
nan,nan,19.3892021179
nan,nan,22.7096843719
nan,nan,46.4835128784
nan,nan,47.532119751
nan,nan,42.0932235718
nan,nan,44.046207428
nan,nan,45.214805603
nan,nan,36.2343406677
nan,nan,39.4267654419
nan,nan,41.636554718
nan,nan,42.765625
nan,nan,44.3611907959
nan,nan,33.2764129639
nan,nan,36.8135147095
nan,nan,38.7622871399
nan,nan,39.9853744507
nan,nan,27.1720371246
nan,nan,34.1904411316
nan,nan,21.0483264923
nan,nan,24.781162262
nan,nan,46.1597709656
nan,nan,47.3753051758
nan,nan,41.4212379456
nan,nan,43.3708114624
nan,nan,44.5769920349
nan,nan,35.0417747498
nan,nan,38.3601341248
nan,nan,40.6191902161
nan,nan,41.8305587769
nan,nan,43.4832801819
nan,nan,31.862903595
nan,nan,35.4489364624
nan,nan,37.4641075134
nan,nan,38.7759628296
nan,nan,25.6340694427
nan,nan,32.6218643188
nan,nan,19.6376457214
nan,nan,23.1804084778
nan,nan,39.2916603088
nan,nan,40.263835907
nan,nan,35.6417274475
nan,nan,37.1184844971
nan,nan,37.8157234192
nan,nan,30.5001564026
nan,nan,33.2345695496
nan,nan,34.9949378967
nan,nan,35.7552757263
nan,nan,36.7396736145
nan,nan,27.9424610138
nan,nan,30.9348621368
nan,nan,32.4907646179
nan,nan,33.3453330994
nan,nan,22.8055076599
nan,nan,28.674993515
nan,nan,17.850692749
nan,nan,20.8122253418
nan,nan,61.543384552
nan,nan,65.4110794067
nan,nan,53.8833465576
nan,nan,57.862071991
nan,nan,59.7824821472
nan,nan,41.4557876587
nan,nan,48.1015815735
nan,nan,52.4590873718
nan,nan,54.871383667
nan,nan,57.2349700928
nan,nan,36.3324356079
nan,nan,42.9633369446
nan,nan,46.8929710388
nan,nan,49.6500320435
nan,nan,25.2001514435
nan,nan,38.0839576721
nan,nan,19.4032859802
nan,nan,22.0131015778
nan,nan,68.0226669312
nan,nan,68.8857269287
nan,nan,30.6360664368
nan,nan,57.403137207
nan,nan,64.9571762085
nan,nan,33.8682250977
nan,nan,35.0204544067
nan,nan,51.6579055786
nan,nan,35.008846283
nan,nan,50.782585144
nan,nan,59.3219985962
nan,nan,41.4036750793
nan,nan,48.2930259705
nan,nan,41.8135147095
nan,nan,38.2028923035
nan,nan,50.5684623718
nan,nan,39.9930763245
nan,nan,39.0353012085
nan,nan,65.4694061279
nan,nan,42.3602790833
nan,nan,37.2010765076
nan,nan,44.6026916504
nan,nan,30.7230682373
nan,nan,31.6632213593
nan,nan,36.1674690247
nan,nan,28.1031227112
nan,nan,31.3865261078
nan,nan,27.1613349915
nan,nan,23.6276073456
nan,nan,25.6310272217
nan,nan,29.2068405151
nan,nan,99.7014541626
nan,nan,85.7571182251
nan,nan,20.2417678833
nan,nan,344.521057129
nan,nan,221.659484863
nan,nan,11.7806482315
nan,nan,203.806427002
nan,nan,143.788787842
nan,nan,14.6292829514
nan,nan,135.870529175
nan,nan,93.210144043
nan,nan,20.7616558075
nan,nan,217.489151001
nan,nan,158.544799805
nan,nan,18.0017089844
nan,nan,173.602493286
nan,nan,124.861785889
nan,nan,20.2118625641
nan,nan,170.082305908
nan,nan,123.642616272
nan,nan,25.9019050598
nan,nan,253.278747559
nan,nan,195.52645874
nan,nan,22.3312702179
nan,nan,171.265197754
nan,nan,125.048851013
nan,nan,25.9854507446
nan,nan,178.085632324
nan,nan,132.641204834
nan,nan,30.0142803192
nan,nan,192.142578125
nan,nan,145.870681763
nan,nan,33.4330940247
nan,nan,156.653656006
nan,nan,118.894760132
nan,nan,37.2272109985
nan,nan,161.863708496
nan,nan,129.126754761
nan,nan,30.8037757874
nan,nan,164.541946411
nan,nan,132.54119873
nan,nan,31.3307781219
nan,nan,221.167007446
nan,nan,164.973876953
nan,nan,28.7251014709
nan,nan,199.576278687
nan,nan,154.291702271
nan,nan,22.8349056244
nan,nan,272.953765869
nan,nan,181.589874268
nan,nan,18.5852241516
nan,nan,297.262786865
nan,nan,189.499191284
nan,nan,13.7747049332
nan,nan,374.835998535
nan,nan,230.953155518
nan,nan,626.722961426
nan,nan,353.27355957
nan,nan,547.375854492
nan,nan,250.902191162
nan,nan,769.071716309
nan,nan,342.74230957
nan,nan,68.0226669312
nan,nan,57.403137207
nan,nan,35.0204544067
nan,nan,30.4364261627
nan,nan,39.1613044739
nan,nan,10.1541996002
nan,nan,35.4074020386
nan,nan,10.2187385559
nan,nan,34.7889213562
nan,nan,10.9196434021
nan,nan,29.3265895844
nan,nan,35.4045944214
nan,nan,11.6621265411
nan,nan,57.6226425171
nan,nan,17.9024143219
nan,nan,46.2829666138
nan,nan,18.4137897491
nan,nan,47.1629486084
nan,nan,20.2265281677
nan,nan,44.5811424255
nan,nan,20.4823246002
nan,nan,47.6848640442
nan,nan,23.7166652679
nan,nan,48.9871864319
nan,nan,24.3003120422
nan,nan,50.1495742798
nan,nan,24.97108078
nan,nan,50.5536804199
nan,nan,26.0034751892
nan,nan,196.665267944
nan,nan,42.4329948425
nan,nan,133.254486084
nan,nan,39.0266914368
nan,nan,90.946647644
nan,nan,35.8887252808
nan,nan,137.988113403
nan,nan,48.9029006958
nan,nan,190.188095093
nan,nan,59.8623008728
nan,nan,145.184158325
nan,nan,53.6676521301
nan,nan,110.517814636
nan,nan,47.3035545349
nan,nan,106.926948547
nan,nan,47.101360321
nan,nan,105.462242126
nan,nan,48.5543136597
nan,nan,165.563049316
nan,nan,63.2509117126
nan,nan,124.190467834
nan,nan,53.8513031006
nan,nan,82.4863739014
nan,nan,41.0744857788
nan,nan,113.306686401
nan,nan,49.8388557434
nan,nan,108.497291565
nan,nan,49.8572502136
nan,nan,60.0328445435
nan,nan,35.0756149292
nan,nan,68.8990707397
nan,nan,38.7885742188
nan,nan,70.7492294312
nan,nan,38.254524231
nan,nan,75.5288696289
nan,nan,45.1986465454
nan,nan,88.6592941284
nan,nan,50.7393035889
nan,nan,89.6244735718
nan,nan,50.271900177
nan,nan,98.5607833862
nan,nan,53.6948051453
nan,nan,74.4097366333
nan,nan,42.1791152954
nan,nan,90.325843811
nan,nan,47.5971069336
nan,nan,47.5982322693
nan,nan,28.3081054688
nan,nan,51.6066360474
nan,nan,30.9796695709
nan,nan,36.6224136353
nan,nan,25.9049167633
nan,nan,67.1430130005
nan,nan,35.9543418884
nan,nan,43.4576263428
nan,nan,29.3790111542
nan,nan,63.2286300659
nan,nan,36.4668731689
nan,nan,76.8380203247
nan,nan,42.1203231812
nan,nan,213.193527222
nan,nan,18.7626781464
nan,nan,222.435882568
nan,nan,19.0695114136
nan,nan,479.45501709
nan,nan,18.7029495239
nan,nan,86.9580917358
nan,nan,84.7461471558
nan,nan,88.5652694702
nan,nan,37.978843689
nan,nan,86.0092849731
nan,nan,39.4325256348
nan,nan,79.3608016968
nan,nan,151.404754639
nan,nan,37.3075942993
nan,nan,179.475204468
nan,nan,128.138366699
nan,nan,165.818710327
nan,nan,109.754577637
nan,nan,130.095901489
nan,nan,147.267364502
nan,nan,128.446716309
nan,nan,125.977783203
nan,nan,119.494468689
nan,nan,129.565429688
nan,nan,127.418060303
nan,nan,136.312866211
nan,nan,107.258468628
nan,nan,81.9000091553
nan,nan,78.8939437866
nan,nan,83.2401275635
nan,nan,39.9740829468
nan,nan,77.9138565063
nan,nan,38.0287971497
nan,nan,71.8461074829
nan,nan,126.617355347
nan,nan,37.6878738403
nan,nan,147.461486816
nan,nan,106.898490906
nan,nan,135.616882324
nan,nan,89.5407714844
nan,nan,104.655830383
nan,nan,118.030487061
nan,nan,103.499931335
nan,nan,100.857963562
nan,nan,95.7574691772
nan,nan,101.864349365
nan,nan,102.572952271
nan,nan,103.951919556
nan,nan,80.2400436401
nan,nan,64.0478744507
nan,nan,57.9329719543
nan,nan,60.7937774658
nan,nan,40.1912956238
nan,nan,56.1520004272
nan,nan,39.2329521179
nan,nan,56.0657310486
nan,nan,102.145271301
nan,nan,38.1160049438
nan,nan,118.587669373
nan,nan,74.4519805908
nan,nan,108.107582092
nan,nan,63.8585395813
nan,nan,81.7158203125
nan,nan,94.2683639526
nan,nan,84.169708252
nan,nan,83.5953598022
nan,nan,77.8552932739
nan,nan,84.4976654053
nan,nan,83.2169265747
nan,nan,86.0781936646
nan,nan,64.0617523193
nan,nan,54.6787567139
nan,nan,50.0340080261
nan,nan,51.6055374146
nan,nan,49.8230552673
nan,nan,50.3573722839
nan,nan,48.228012085
nan,nan,46.8108406067
nan,nan,98.0427398682
nan,nan,44.9844703674
nan,nan,113.874771118
nan,nan,56.5654029846
nan,nan,101.441711426
nan,nan,57.5517692566
nan,nan,73.3758392334
nan,nan,85.2107696533
nan,nan,73.9328613281
nan,nan,73.5639343262
nan,nan,58.7950286865
nan,nan,73.2478637695
nan,nan,60.6944046021
nan,nan,71.7647323608
nan,nan,64.7484359741
nan,nan,54.9004020691
nan,nan,53.2931137085
nan,nan,55.1671600342
nan,nan,52.6299362183
nan,nan,53.5793571472
nan,nan,52.0717010498
nan,nan,51.1812515259
nan,nan,83.4778747559
nan,nan,46.6910629272
nan,nan,94.7068710327
nan,nan,57.3000640869
nan,nan,85.6772689819
nan,nan,58.6972885132
nan,nan,64.4042205811
nan,nan,69.9035263062
nan,nan,61.9717216492
nan,nan,62.3221817017
nan,nan,55.2063331604
nan,nan,63.2364234924
nan,nan,58.5020904541
nan,nan,64.7088851929
nan,nan,62.8747558594
nan,nan,57.1234588623
nan,nan,53.8353881836
nan,nan,56.3941116333
nan,nan,55.9600296021
nan,nan,54.5062561035
nan,nan,54.5822219849
nan,nan,53.167049408
nan,nan,71.7354736328
nan,nan,44.7032203674
nan,nan,79.4250106812
nan,nan,53.2193908691
nan,nan,71.6736907959
nan,nan,53.0899200439
nan,nan,58.9633712769
nan,nan,62.4710998535
nan,nan,56.1294441223
nan,nan,56.1378860474
nan,nan,50.3873138428
nan,nan,57.2982635498
nan,nan,53.3670158386
nan,nan,59.4944267273
nan,nan,57.924621582
nan,nan,60.0326118469
nan,nan,54.4754295349
nan,nan,57.6245384216
nan,nan,59.3557548523
nan,nan,55.4069862366
nan,nan,57.0816764832
nan,nan,54.1879653931
nan,nan,66.2160720825
nan,nan,42.7820243835
nan,nan,70.8273162842
nan,nan,50.2856483459
nan,nan,63.5300827026
nan,nan,48.9844169617
nan,nan,54.5626106262
nan,nan,58.2617149353
nan,nan,51.5900650024
nan,nan,51.6899986267
nan,nan,46.1645851135
nan,nan,52.7424240112
nan,nan,48.7052955627
nan,nan,54.5928611755
nan,nan,52.8512268066
nan,nan,61.5035591125
nan,nan,55.3585891724
nan,nan,58.8537979126
nan,nan,62.2390899658
nan,nan,56.8520851135
nan,nan,59.8781089783
nan,nan,56.3237953186
nan,nan,65.9801254272
nan,nan,43.2409057617
nan,nan,68.8470458984
nan,nan,50.5810279846
nan,nan,61.9251327515
nan,nan,48.7930831909
nan,nan,54.2959480286
nan,nan,58.1041412354
nan,nan,51.2230949402
nan,nan,51.3429222107
nan,nan,45.3987388611
nan,nan,52.4513816833
nan,nan,48.3820228577
nan,nan,54.3695640564
nan,nan,52.4322929382
nan,nan,64.1659698486
nan,nan,58.5239181519
nan,nan,61.4756011963
nan,nan,65.5656890869
nan,nan,59.3387374878
nan,nan,62.8275566101
nan,nan,58.4597892761
nan,nan,66.1894989014
nan,nan,44.0262680054
nan,nan,67.6737442017
nan,nan,50.575176239
nan,nan,60.6900100708
nan,nan,48.1903953552
nan,nan,53.4305877686
nan,nan,57.1799545288
nan,nan,50.0932617188
nan,nan,49.8818206787
nan,nan,44.0308227539
nan,nan,50.726890564
nan,nan,46.4493179321
nan,nan,52.3138160706
nan,nan,50.1387863159
nan,nan,58.8220596313
nan,nan,53.6515846252
nan,nan,56.7212600708
nan,nan,60.733757019
nan,nan,55.6945571899
nan,nan,59.3591079712
nan,nan,55.3648490906
nan,nan,61.4177093506
nan,nan,41.8339805603
nan,nan,62.0461044312
nan,nan,48.1671485901
nan,nan,56.9405288696
nan,nan,46.2363395691
nan,nan,51.1391944885
nan,nan,54.7393836975
nan,nan,48.5149230957
nan,nan,48.8946456909
nan,nan,43.6488227844
nan,nan,50.2387771606
nan,nan,46.5987930298
nan,nan,52.0452842712
nan,nan,49.2846832275
nan,nan,61.912437439
nan,nan,55.3784751892
nan,nan,59.0289154053
nan,nan,64.0252151489
nan,nan,57.4136886597
nan,nan,61.7809677124
nan,nan,56.5441513062
nan,nan,62.0745429993
nan,nan,41.3246269226
nan,nan,61.8440132141
nan,nan,47.1710777283
nan,nan,56.1309967041
nan,nan,44.8891601562
nan,nan,49.8181724548
nan,nan,53.5515441895
nan,nan,46.866519928
nan,nan,46.7567405701
nan,nan,41.2699699402
nan,nan,47.5580787659
nan,nan,43.0391654968
nan,nan,48.684223175
nan,nan,45.8804397583
nan,nan,60.9026794434
nan,nan,53.4599876404
nan,nan,57.4421730042
nan,nan,62.6409873962
nan,nan,55.7045249939
nan,nan,60.4719200134
nan,nan,54.6492538452
nan,nan,59.6272010803
nan,nan,39.2896995544
nan,nan,58.8335266113
nan,nan,44.719619751
nan,nan,53.3179130554
nan,nan,42.4322395325
nan,nan,47.1667098999
nan,nan,50.7998695374
nan,nan,44.3507080078
nan,nan,44.2289772034
nan,nan,38.9192237854
nan,nan,44.8986968994
nan,nan,40.0748672485
nan,nan,45.8672981262
nan,nan,43.3257713318
nan,nan,60.0108413696
nan,nan,54.1947174072
nan,nan,56.9283332825
nan,nan,61.8285675049
nan,nan,55.4281806946
nan,nan,60.0754127502
nan,nan,54.3887825012
nan,nan,59.0518302917
nan,nan,38.9969673157
nan,nan,58.1681594849
nan,nan,44.1507911682
nan,nan,52.7253723145
nan,nan,41.6781349182
nan,nan,46.5606117249
nan,nan,50.166633606
nan,nan,43.7419090271
nan,nan,43.3949813843
nan,nan,37.9546127319
nan,nan,43.7524986267
nan,nan,38.673286438
nan,nan,44.4125022888
nan,nan,41.6424102783
nan,nan,54.7659492493
nan,nan,48.9510383606
nan,nan,51.9870910645
nan,nan,57.2477455139
nan,nan,50.7114219666
nan,nan,55.3079338074
nan,nan,49.8525772095
nan,nan,54.1335678101
nan,nan,35.5362205505
nan,nan,53.3065948486
nan,nan,40.5047988892
nan,nan,48.5580787659
nan,nan,38.4228591919
nan,nan,43.0996551514
nan,nan,46.4693069458
nan,nan,40.7876968384
nan,nan,40.7184524536
nan,nan,35.2148399353
nan,nan,41.3570213318
nan,nan,36.4546127319
nan,nan,42.1968727112
nan,nan,39.4935150146
nan,nan,50.5219345093
nan,nan,45.8024787903
nan,nan,48.7573623657
nan,nan,53.7707099915
nan,nan,48.179019928
nan,nan,52.5159187317
nan,nan,47.8357276917
nan,nan,52.2031555176
nan,nan,34.5855636597
nan,nan,51.8367004395
nan,nan,39.7340049744
nan,nan,47.7207221985
nan,nan,37.7015457153
nan,nan,42.662147522
nan,nan,46.1343307495
nan,nan,40.9543762207
nan,nan,40.9955978394
nan,nan,35.1437606812
nan,nan,41.9669303894
nan,nan,36.630241394
nan,nan,42.9606056213
nan,nan,40.0367050171
nan,nan,49.1514091492
nan,nan,43.7677650452
nan,nan,46.8313598633
nan,nan,51.8364143372
nan,nan,45.9473800659
nan,nan,50.3158454895
nan,nan,45.3216934204
nan,nan,49.2140197754
nan,nan,31.6635875702
nan,nan,48.6361732483
nan,nan,36.5176811218
nan,nan,44.4233894348
nan,nan,34.306842804
nan,nan,39.3246650696
nan,nan,42.8197402954
nan,nan,37.8085823059
nan,nan,37.5056114197
nan,nan,31.8107357025
nan,nan,38.5142745972
nan,nan,32.8050003052
nan,nan,38.7921829224
nan,nan,36.0602302551
nan,nan,47.6616859436
nan,nan,42.2235374451
nan,nan,45.3446388245
nan,nan,50.7038002014
nan,nan,44.2937850952
nan,nan,49.1579017639
nan,nan,44.0442962646
nan,nan,48.1521987915
nan,nan,29.6394138336
nan,nan,47.4975204468
nan,nan,34.6360626221
nan,nan,42.8442344666
nan,nan,32.154258728
nan,nan,37.05701828
nan,nan,40.8646125793
nan,nan,35.6289520264
nan,nan,35.3388557434
nan,nan,29.3391246796
nan,nan,35.9137535095
nan,nan,29.678194046
nan,nan,35.1188697815
nan,nan,32.5270309448
nan,nan,41.4570198059
nan,nan,36.95287323
nan,nan,39.679977417
nan,nan,44.0176467896
nan,nan,39.1320114136
nan,nan,43.2286605835
nan,nan,39.0241928101
nan,nan,43.1160163879
nan,nan,26.5386199951
nan,nan,42.9775848389
nan,nan,31.6886863708
nan,nan,38.8852996826
nan,nan,29.4357566833
nan,nan,33.3595314026
nan,nan,36.9923248291
nan,nan,32.3970680237
nan,nan,32.977684021
nan,nan,27.497045517
nan,nan,33.9206352234
nan,nan,27.974275589
nan,nan,33.1571426392
nan,nan,30.9794654846
nan,nan,42.1057624817
nan,nan,36.7526931763
nan,nan,39.5736160278
nan,nan,43.6687927246
nan,nan,38.6749038696
nan,nan,42.8550949097
nan,nan,38.3530273438
nan,nan,42.1567649841
nan,nan,25.0760574341
nan,nan,41.885925293
nan,nan,30.4148635864
nan,nan,37.4719200134
nan,nan,27.9523200989
nan,nan,31.5484428406
nan,nan,35.2507629395
nan,nan,30.7057971954
nan,nan,31.5275783539
nan,nan,25.9815635681
nan,nan,32.4371376038
nan,nan,26.3276882172
nan,nan,31.3772659302
nan,nan,29.2367115021
nan,nan,41.1090354919
nan,nan,36.3847389221
nan,nan,38.9583015442
nan,nan,43.4062805176
nan,nan,38.5419845581
nan,nan,43.3332672119
nan,nan,38.6951942444
nan,nan,42.6114883423
nan,nan,25.383266449
nan,nan,42.4232635498
nan,nan,31.0355625153
nan,nan,38.031539917
nan,nan,28.4525203705
nan,nan,32.0300941467
nan,nan,35.7123527527
nan,nan,31.1599903107
nan,nan,32.1094741821
nan,nan,26.3411769867
nan,nan,32.7405967712
nan,nan,26.5983390808
nan,nan,31.7094936371
nan,nan,29.4961242676
nan,nan,34.4103775024
nan,nan,30.3778648376
nan,nan,32.37940979
nan,nan,35.4972801208
nan,nan,31.7511539459
nan,nan,35.5718994141
nan,nan,32.2880935669
nan,nan,36.080280304
nan,nan,21.4041671753
nan,nan,36.4044075012
nan,nan,26.1671485901
nan,nan,32.6863479614
nan,nan,24.480846405
nan,nan,27.8142585754
nan,nan,30.7407684326
nan,nan,27.0386943817
nan,nan,28.0433692932
nan,nan,23.1386814117
nan,nan,28.4859199524
nan,nan,23.4703464508
nan,nan,28.1421871185
nan,nan,26.3280601501
nan,nan,39.2067565918
nan,nan,33.6509590149
nan,nan,35.2749099731
nan,nan,37.4445228577
nan,nan,33.6019210815
nan,nan,37.0567512512
nan,nan,34.0429191589
nan,nan,38.6815109253
nan,nan,22.2184772491
nan,nan,38.9062271118
nan,nan,27.1374855042
nan,nan,34.8021736145
nan,nan,25.4786071777
nan,nan,29.1070575714
nan,nan,31.8745002747
nan,nan,27.7021045685
nan,nan,28.2712421417
nan,nan,23.2236328125
nan,nan,28.5070781708
nan,nan,23.2207164764
nan,nan,28.0469150543
nan,nan,25.9619960785
nan,nan,44.6858139038
nan,nan,36.8432006836
nan,nan,39.3548965454
nan,nan,41.7820892334
nan,nan,36.7915267944
nan,nan,40.7193069458
nan,nan,36.6720695496
nan,nan,41.6524124146
nan,nan,23.1098327637
nan,nan,41.297252655
nan,nan,28.2281360626
nan,nan,36.6110649109
nan,nan,26.3597774506
nan,nan,30.2769680023
nan,nan,33.0169410706
nan,nan,28.6104297638
nan,nan,28.6130504608
nan,nan,23.3525714874
nan,nan,28.6620826721
nan,nan,23.1750392914
nan,nan,28.0323295593
nan,nan,25.8394889832
nan,nan,39.831035614
nan,nan,33.4407081604
nan,nan,35.5988349915
nan,nan,37.777671814
nan,nan,33.8334770203
nan,nan,37.4667701721
nan,nan,34.2294960022
nan,nan,39.564781189
nan,nan,22.2900848389
nan,nan,39.6098899841
nan,nan,27.3382568359
nan,nan,35.485660553
nan,nan,25.7689819336
nan,nan,29.5741539001
nan,nan,32.4158096313
nan,nan,28.1569881439
nan,nan,28.1724910736
nan,nan,23.1630859375
nan,nan,28.3471107483
nan,nan,23.0522384644
nan,nan,27.8449687958
nan,nan,25.7792167664
nan,nan,24.489282608
nan,nan,14.4071865082
nan,nan,18.2474308014
nan,nan,21.703338623
nan,nan,16.5593204498
nan,nan,21.5405006409
nan,nan,16.3421535492
nan,nan,24.1765670776
nan,nan,25.2473297119
nan,nan,16.8488636017
nan,nan,15.291765213
nan,nan,28.5352077484
nan,nan,19.5384864807
nan,nan,23.1342468262
nan,nan,26.9707279205
nan,nan,22.9415779114
nan,nan,29.3414478302
nan,nan,25.06690979
nan,nan,38.0166511536
nan,nan,41.3406257629
nan,nan,11.6751728058
nan,nan,30.4370574951
nan,nan,10.2801351547
nan,nan,19.3394012451
nan,nan,28.3598251343
nan,nan,19.0599479675
nan,nan,20.6438217163
nan,nan,11.1620798111
nan,nan,22.2524337769
nan,nan,11.7977485657
nan,nan,22.1762371063
nan,nan,19.7655239105
nan,nan,33.3003311157
nan,nan,25.7640914917
nan,nan,30.116104126
nan,nan,34.8160858154
nan,nan,32.8382034302
nan,nan,39.7138175964
nan,nan,37.6279373169
nan,nan,53.4737968445
nan,nan,18.458568573
nan,nan,59.2814674377
nan,nan,28.5117530823
nan,nan,47.3365364075
nan,nan,27.3463344574
nan,nan,35.7852210999
nan,nan,43.5966453552
nan,nan,35.7316589355
nan,nan,38.5225944519
nan,nan,29.4165687561
nan,nan,40.9351234436
nan,nan,29.9206676483
nan,nan,40.4674072266
nan,nan,36.7212753296
nan,nan,26.1339855194
nan,nan,20.8615837097
nan,nan,23.747718811
nan,nan,26.8899326324
nan,nan,25.4941520691
nan,nan,30.1548671722
nan,nan,28.862154007
nan,nan,40.2385559082
nan,nan,16.7709255219
nan,nan,44.2252655029
nan,nan,24.2888355255
nan,nan,36.5172157288
nan,nan,23.6818332672
nan,nan,28.8773422241
nan,nan,33.5825004578
nan,nan,28.4712123871
nan,nan,30.0277290344
nan,nan,23.9865589142
nan,nan,31.4541168213
nan,nan,24.2795124054
nan,nan,31.0883903503
nan,nan,28.5078048706
nan,nan,27.0993766785
nan,nan,21.9235515594
nan,nan,24.6850852966
nan,nan,27.7138633728
nan,nan,26.2874946594
nan,nan,30.7677745819
nan,nan,29.5547771454
nan,nan,40.8221130371
nan,nan,18.5664329529
nan,nan,45.1103096008
nan,nan,26.0370597839
nan,nan,37.5764160156
nan,nan,25.3588638306
nan,nan,30.0284786224
nan,nan,34.2765731812
nan,nan,28.9892787933
nan,nan,29.718416214
nan,nan,23.8491859436
nan,nan,30.4229068756
nan,nan,23.786901474
nan,nan,29.7119731903
nan,nan,27.1185874939
nan,nan,34.6281852722
nan,nan,28.044927597
nan,nan,31.7516365051
nan,nan,36.0034408569
nan,nan,34.1471977234
nan,nan,40.3717536926
nan,nan,38.6419334412
nan,nan,54.2023925781
nan,nan,24.5734939575
nan,nan,59.8761100769
nan,nan,34.0921554565
nan,nan,48.940864563
nan,nan,33.0310287476
nan,nan,38.6321907043
nan,nan,43.873878479
nan,nan,36.4903373718
nan,nan,36.5355491638
nan,nan,29.0608501434
nan,nan,36.6468734741
nan,nan,28.5512733459
nan,nan,35.26795578
nan,nan,31.8732719421
nan,nan,30.1340694427
nan,nan,26.4177780151
nan,nan,27.7376556396
nan,nan,29.0899982452
nan,nan,28.2579441071
nan,nan,30.8948822021
nan,nan,31.1924419403
nan,nan,41.5059585571
nan,nan,24.7407875061
nan,nan,48.2197761536
nan,nan,33.1143684387
nan,nan,42.3892555237
nan,nan,32.6616325378
nan,nan,35.876789093
nan,nan,38.2728042603
nan,nan,33.98620224
nan,nan,34.3705253601
nan,nan,29.2887020111
nan,nan,35.2846679688
nan,nan,29.6070613861
nan,nan,35.0681495667
nan,nan,32.8469200134
nan,nan,21.8456745148
nan,nan,17.53474617
nan,nan,18.6516685486
nan,nan,19.4472408295
nan,nan,17.0045623779
nan,nan,18.4339294434
nan,nan,16.1686992645
nan,nan,18.1059379578
nan,nan,18.4584922791
nan,nan,10.3780956268
nan,nan,15.633482933
nan,nan,12.2554941177
nan,nan,14.2917890549
nan,nan,11.4915027618
nan,nan,11.3015079498
nan,nan,11.2648143768
nan,nan,10.9669237137
nan,nan,23.5471000671
nan,nan,18.1886940002
nan,nan,19.7130756378
nan,nan,20.8461551666
nan,nan,17.8005123138
nan,nan,19.4726848602
nan,nan,16.5719032288
nan,nan,18.0049877167
nan,nan,17.7790336609
nan,nan,14.6538410187
nan,nan,11.0683259964
nan,nan,13.193400383
nan,nan,10.1494455338
nan,nan,15.6943216324
nan,nan,28.5248222351
nan,nan,20.2067985535
nan,nan,23.2657184601
nan,nan,21.7009010315
nan,nan,135.807678223
nan,nan,71.9985198975
nan,nan,237.735565186
nan,nan,53.6625900269
nan,nan,388.195892334
nan,nan,190.094055176
nan,nan,376.756164551
nan,nan,163.686538696
nan,nan,234.579071045
nan,nan,364.237121582
nan,nan,252.684036255
nan,nan,296.208312988
nan,nan,65.0789337158
nan,nan,345.825866699
nan,nan,235.420608521
nan,nan,383.899230957
nan,nan,277.802307129
nan,nan,15.4007863998
nan,nan,29.0627975464
nan,nan,19.7563209534
nan,nan,23.4264564514
nan,nan,21.2438774109
nan,nan,143.827713013
nan,nan,74.1511154175
nan,nan,247.622741699
nan,nan,55.1144714355
nan,nan,406.576324463
nan,nan,198.226531982
nan,nan,393.118164062
nan,nan,169.995101929
nan,nan,243.471725464
nan,nan,378.689788818
nan,nan,261.100463867
nan,nan,307.23236084
nan,nan,66.6123809814
nan,nan,360.220336914
nan,nan,245.302001953
nan,nan,400.12979126
nan,nan,290.447509766
nan,nan,16.6329421997
nan,nan,29.5568523407
nan,nan,20.0621585846
nan,nan,25.3931369781
nan,nan,20.5921344757
nan,nan,147.732437134
nan,nan,73.8515396118
nan,nan,249.005661011
nan,nan,55.1064529419
nan,nan,409.677001953
nan,nan,199.196517944
nan,nan,394.808258057
nan,nan,170.314712524
nan,nan,244.136383057
nan,nan,380.553283691
nan,nan,261.903930664
nan,nan,309.371368408
nan,nan,67.2135009766
nan,nan,364.03125
nan,nan,248.706466675
nan,nan,404.070709229
nan,nan,294.911621094
nan,nan,15.2969636917
nan,nan,29.301815033
nan,nan,18.3308143616
nan,nan,24.135799408
nan,nan,19.526386261
nan,nan,158.163543701
nan,nan,80.1141586304
nan,nan,268.101806641
nan,nan,58.5952720642
nan,nan,448.473419189
nan,nan,219.053924561
nan,nan,438.634887695
nan,nan,189.979766846
nan,nan,275.487457275
nan,nan,427.91809082
nan,nan,294.115325928
nan,nan,347.135162354
nan,nan,71.1066818237
nan,nan,407.035247803
nan,nan,275.516448975
nan,nan,454.122283936
nan,nan,327.624908447
nan,nan,14.7412471771
nan,nan,25.6545639038
nan,nan,16.4025707245
nan,nan,22.7289161682
nan,nan,17.0617713928
nan,nan,154.640731812
nan,nan,72.4085464478
nan,nan,266.097839355
nan,nan,52.1668663025
nan,nan,454.098632812
nan,nan,218.712539673
nan,nan,439.916015625
nan,nan,194.544296265
nan,nan,272.503295898
nan,nan,428.642608643
nan,nan,286.884399414
nan,nan,340.532470703
nan,nan,67.3237228394
nan,nan,407.089385986
nan,nan,275.889404297
nan,nan,457.668273926
nan,nan,336.306854248
nan,nan,23.0905017853
nan,nan,24.484457016
nan,nan,33.9723243713
nan,nan,31.7039966583
nan,nan,39.4796829224
nan,nan,35.6430244446
nan,nan,18.264831543
nan,nan,24.2888355255
nan,nan,30.6683216095
nan,nan,36.5172157288
nan,nan,12.9085702896
nan,nan,18.546995163
nan,nan,12.8419771194
nan,nan,18.0556564331
nan,nan,23.098154068
nan,nan,28.4712123871
nan,nan,17.7258090973
nan,nan,23.337064743
nan,nan,30.0277290344
nan,nan,12.0609931946
nan,nan,23.9865589142
nan,nan,31.4541168213
nan,nan,24.2795124054
nan,nan,31.0883903503
nan,nan,20.3998661041
nan,nan,26.0370597839
nan,nan,32.0611038208
nan,nan,37.5764160156
nan,nan,10.8487510681
nan,nan,15.8297109604
nan,nan,20.8301753998
nan,nan,10.9795722961
nan,nan,15.4986686707
nan,nan,19.9053611755
nan,nan,24.2463321686
nan,nan,28.9892787933
nan,nan,10.4078531265
nan,nan,18.9226226807
nan,nan,23.7971839905
nan,nan,29.718416214
nan,nan,13.487613678
nan,nan,23.8491859436
nan,nan,30.4229068756
nan,nan,23.786901474
nan,nan,29.7119731903
nan,nan,27.1546325684
nan,nan,34.0921554565
nan,nan,41.7257614136
nan,nan,48.940864563
nan,nan,10.9041576385
nan,nan,16.4826946259
nan,nan,22.0985355377
nan,nan,27.7813835144
nan,nan,11.442440033
nan,nan,16.5644073486
nan,nan,21.3484306335
nan,nan,26.0974197388
nan,nan,30.9607868195
nan,nan,36.4903373718
nan,nan,10.9207382202
nan,nan,15.2155132294
nan,nan,24.1665153503
nan,nan,29.6485538483
nan,nan,36.5355491638
nan,nan,13.4547491074
nan,nan,17.5285568237
nan,nan,29.0608501434
nan,nan,36.6468734741
nan,nan,28.5512733459
nan,nan,35.26795578
nan,nan,28.0352706909
nan,nan,33.1143684387
nan,nan,38.2654647827
nan,nan,42.3892555237
nan,nan,15.1369113922
nan,nan,20.4182472229
nan,nan,25.1126861572
nan,nan,29.3429698944
nan,nan,16.2111492157
nan,nan,20.7609100342
nan,nan,24.3872051239
nan,nan,27.620218277
nan,nan,30.647310257
nan,nan,33.98620224
nan,nan,11.2391586304
nan,nan,15.4754095078
nan,nan,18.9401702881
nan,nan,25.4914455414
nan,nan,29.4204902649
nan,nan,34.3705253601
nan,nan,16.6570262909
nan,nan,19.8975734711
nan,nan,29.2887020111
nan,nan,35.2846679688
nan,nan,29.6070613861
nan,nan,35.0681495667
nan,nan,36.8489952087
nan,nan,31.5523262024
nan,nan,34.1516990662
nan,nan,37.1028900146
nan,nan,13.4580135345
nan,nan,21.4752693176
nan,nan,16.860452652
nan,nan,20.1720371246
nan,nan,25.0091495514
nan,nan,12.3144245148
nan,nan,17.7249202728
nan,nan,21.9326400757
nan,nan,10.6965055466
nan,nan,15.5454263687
nan,nan,19.2997531891
nan,nan,11.1711511612
nan,nan,15.1923322678
nan,nan,12.9825115204
nan,nan,10.2237167358
nan,nan,39.1333427429
nan,nan,35.1616172791
nan,nan,37.400100708
nan,nan,40.6747169495
nan,nan,16.3573055267
nan,nan,26.517660141
nan,nan,21.5698471069
nan,nan,25.3516731262
nan,nan,30.3236083984
nan,nan,16.2712421417
nan,nan,22.9252147675
nan,nan,27.0763206482
nan,nan,14.3526515961
nan,nan,20.5679302216
nan,nan,24.2222824097
nan,nan,15.3281412125
nan,nan,12.570807457
nan,nan,19.1909656525
nan,nan,11.830496788
nan,nan,16.9007377625
nan,nan,13.8162794113
nan,nan,167.429077148
nan,nan,165.761550903
nan,nan,166.685958862
nan,nan,183.444122314
nan,nan,252.636276245
nan,nan,55.3363456726
nan,nan,105.887954712
nan,nan,59.4240036011
nan,nan,80.6506271362
nan,nan,79.0333786011
nan,nan,57.3076591492
nan,nan,60.0461845398
nan,nan,243.144195557
nan,nan,231.745361328
nan,nan,156.397033691
nan,nan,249.770324707
nan,nan,251.254837036
nan,nan,51.9149589539
nan,nan,78.7399978638
nan,nan,58.5975952148
nan,nan,74.5117721558
nan,nan,86.6799697876
nan,nan,60.5736961365
nan,nan,71.6813583374
nan,nan,271.657043457
nan,nan,216.390213013
nan,nan,218.309951782
nan,nan,203.841247559
nan,nan,294.038330078
nan,nan,35.5424423218
nan,nan,258.850128174
nan,nan,42.0419082642
nan,nan,94.671257019
nan,nan,109.913024902
nan,nan,68.3891372681
nan,nan,87.3215789795
nan,nan,214.350570679
nan,nan,166.388519287
nan,nan,174.313034058
nan,nan,150.676818848
nan,nan,226.565032959
nan,nan,34.6213645935
nan,nan,203.456497192
nan,nan,33.6147422791
nan,nan,82.9657745361
nan,nan,94.3919906616
nan,nan,55.9278640747
nan,nan,77.2167663574
nan,nan,108.167304993
nan,nan,104.602783203
nan,nan,106.737533569
nan,nan,99.0293960571
nan,nan,137.967514038
nan,nan,35.3876304626
nan,nan,132.721481323
nan,nan,31.7909355164
nan,nan,61.2994155884
nan,nan,68.5312423706
nan,nan,43.6132278442
nan,nan,58.4033584595
nan,nan,77.5381622314
nan,nan,74.7972564697
nan,nan,68.5779190063
nan,nan,70.5645294189
nan,nan,90.417678833
nan,nan,33.3007888794
nan,nan,90.1587524414
nan,nan,30.0242271423
nan,nan,46.3749237061
nan,nan,54.2110710144
nan,nan,35.7277832031
nan,nan,45.0180397034
nan,nan,91.2345352173
nan,nan,83.2217636108
nan,nan,70.5987548828
nan,nan,72.7629928589
nan,nan,93.1623916626
nan,nan,35.6797180176
nan,nan,90.0918960571
nan,nan,31.134765625
nan,nan,46.0073204041
nan,nan,49.1891479492
nan,nan,35.2218971252
nan,nan,42.5975112915
nan,nan,81.7330703735
nan,nan,73.7883224487
nan,nan,61.3858718872
nan,nan,63.6931533813
nan,nan,78.5442428589
nan,nan,35.3121795654
nan,nan,75.0807952881
nan,nan,29.9169654846
nan,nan,42.2109985352
nan,nan,44.8018836975
nan,nan,33.2540931702
nan,nan,39.1404151917
nan,nan,54.590839386
nan,nan,51.3058319092
nan,nan,41.1922416687
nan,nan,47.062171936
nan,nan,50.1701087952
nan,nan,33.0909996033
nan,nan,49.0403442383
nan,nan,25.4749088287
nan,nan,36.0039558411
nan,nan,35.9810028076
nan,nan,27.9104728699
nan,nan,32.170249939
nan,nan,74.9965057373
nan,nan,67.3962097168
nan,nan,49.8153572083
nan,nan,56.8545265198
nan,nan,58.2935829163
nan,nan,36.6397171021
nan,nan,54.0762634277
nan,nan,27.679857254
nan,nan,38.1406135559
nan,nan,37.4312095642
nan,nan,28.6859130859
nan,nan,32.5332069397
nan,nan,62.8730049133
nan,nan,57.020488739
nan,nan,39.7629356384
nan,nan,49.2816581726
nan,nan,44.5306510925
nan,nan,36.7737503052
nan,nan,42.2850990295
nan,nan,24.6295185089
nan,nan,34.4749069214
nan,nan,33.5978050232
nan,nan,26.1588039398
nan,nan,30.0477790833
nan,nan,69.6360397339
nan,nan,63.2406959534
nan,nan,43.6821365356
nan,nan,54.4690055847
nan,nan,48.0597839355
nan,nan,41.6822547913
nan,nan,45.7147979736
nan,nan,27.0569763184
nan,nan,37.3373184204
nan,nan,36.1390838623
nan,nan,27.9623947144
nan,nan,32.0399780273
nan,nan,54.2164001465
nan,nan,50.9066886902
nan,nan,33.2397918701
nan,nan,46.0037841797
nan,nan,35.701789856
nan,nan,40.485168457
nan,nan,36.4599952698
nan,nan,23.4607696533
nan,nan,33.4497718811
nan,nan,31.748298645
nan,nan,24.9778881073
nan,nan,29.2075881958
nan,nan,54.7160186768
nan,nan,51.7692489624
nan,nan,33.1857833862
nan,nan,47.2598686218
nan,nan,35.6625938416
nan,nan,42.3746757507
nan,nan,36.586151123
nan,nan,23.6498508453
nan,nan,33.3032989502
nan,nan,30.9689922333
nan,nan,24.3124599457
nan,nan,28.4033660889
nan,nan,54.3866882324
nan,nan,50.6608657837
nan,nan,32.6160621643
nan,nan,45.8586769104
nan,nan,33.4804267883
nan,nan,41.9379615784
nan,nan,34.1633529663
nan,nan,21.519077301
nan,nan,30.6546154022
nan,nan,28.0362262726
nan,nan,21.846944809
nan,nan,25.7685852051
nan,nan,61.6678924561
nan,nan,56.8053245544
nan,nan,36.4006576538
nan,nan,50.7878723145
nan,nan,37.6247291565
nan,nan,45.3209838867
nan,nan,37.9276618958
nan,nan,23.9236526489
nan,nan,33.3869476318
nan,nan,30.4831123352
nan,nan,23.7543754578
nan,nan,27.7641620636
nan,nan,53.2324028015
nan,nan,49.4099617004
nan,nan,33.1511573792
nan,nan,45.0624580383
nan,nan,33.6523208618
nan,nan,41.6968460083
nan,nan,33.729850769
nan,nan,21.3100757599
nan,nan,30.0342178345
nan,nan,27.3156776428
nan,nan,21.2884712219
nan,nan,25.0441265106
nan,nan,49.5495376587
nan,nan,46.1784324646
nan,nan,31.6623535156
nan,nan,42.7369270325
nan,nan,31.9529953003
nan,nan,40.1674537659
nan,nan,32.1188964844
nan,nan,20.4926300049
nan,nan,29.1423072815
nan,nan,26.6809444427
nan,nan,20.9257392883
nan,nan,24.7398853302
nan,nan,47.7237434387
nan,nan,45.723323822
nan,nan,32.6787071228
nan,nan,43.4077453613
nan,nan,33.2106437683
nan,nan,41.2969360352
nan,nan,33.5461425781
nan,nan,21.8178138733
nan,nan,30.5090255737
nan,nan,28.0467338562
nan,nan,22.1198501587
nan,nan,25.922662735
nan,nan,38.1912994385
nan,nan,37.3076477051
nan,nan,27.0562057495
nan,nan,35.9405403137
nan,nan,27.8044300079
nan,nan,34.5297889709
nan,nan,28.4227142334
nan,nan,18.8284320831
nan,nan,26.3326358795
nan,nan,24.4181423187
nan,nan,19.4731559753
nan,nan,22.7144489288
nan,nan,31.2900924683
nan,nan,30.7468738556
nan,nan,22.7183017731
nan,nan,29.916185379
nan,nan,23.3522949219
nan,nan,28.9755477905
nan,nan,24.0046958923
nan,nan,15.8250083923
nan,nan,22.3248958588
nan,nan,20.7054748535
nan,nan,16.4867610931
nan,nan,19.3008747101
nan,nan,33.8304786682
nan,nan,32.6288223267
nan,nan,22.9576797485
nan,nan,31.1522369385
nan,nan,23.4274864197
nan,nan,29.6314239502
nan,nan,23.9519348145
nan,nan,15.1886310577
nan,nan,21.7118759155
nan,nan,19.9510650635
nan,nan,15.7086734772
nan,nan,18.3736152649
nan,nan,30.2621250153
nan,nan,29.7502593994
nan,nan,22.1031951904
nan,nan,28.981502533
nan,nan,22.6544094086
nan,nan,28.0411167145
nan,nan,23.4524250031
nan,nan,15.3579425812
nan,nan,21.6096782684
nan,nan,20.0837631226
nan,nan,15.9932308197
nan,nan,18.6008815765
nan,nan,23.8220176697
nan,nan,23.1685314178
nan,nan,17.4456882477
nan,nan,22.3984298706
nan,nan,17.790643692
nan,nan,21.5450572968
nan,nan,18.2597618103
nan,nan,12.4555339813
nan,nan,16.7173061371
nan,nan,15.6429491043
nan,nan,12.639128685
nan,nan,14.467373848
nan,nan,27.8075370789
nan,nan,26.6828155518
nan,nan,18.588218689
nan,nan,25.3042640686
nan,nan,18.850944519
nan,nan,23.75715065
nan,nan,19.0371398926
nan,nan,12.6101970673
nan,nan,16.7325286865
nan,nan,15.4063968658
nan,nan,12.3536024094
nan,nan,13.9404211044
nan,nan,24.6891479492
nan,nan,24.008928299
nan,nan,18.1141929626
nan,nan,23.1834869385
nan,nan,18.4927921295
nan,nan,22.2170410156
nan,nan,18.8412036896
nan,nan,12.9955701828
nan,nan,16.95835495
nan,nan,15.8508024216
nan,nan,12.8095979691
nan,nan,14.4485464096
nan,nan,27.9994697571
nan,nan,27.2219753265
nan,nan,19.4913883209
nan,nan,26.2153930664
nan,nan,19.9812965393
nan,nan,24.997013092
nan,nan,20.3250484467
nan,nan,13.3278188705
nan,nan,18.0714588165
nan,nan,16.5759067535
nan,nan,13.1336069107
nan,nan,14.9556417465
nan,nan,23.367805481
nan,nan,22.8692798615
nan,nan,17.1311988831
nan,nan,22.2534675598
nan,nan,17.6726646423
nan,nan,21.525144577
nan,nan,18.142583847
nan,nan,12.6222333908
nan,nan,16.4389152527
nan,nan,15.2380237579
nan,nan,12.2846498489
nan,nan,13.8751935959
nan,nan,19.0434551239
nan,nan,18.4208221436
nan,nan,14.0937786102
nan,nan,17.6580047607
nan,nan,14.3693275452
nan,nan,16.821603775
nan,nan,14.5436229706
nan,nan,11.7938404083
nan,nan,12.783539772
nan,nan,12.1605291367
nan,nan,10.4579277039
nan,nan,10.8492393494
nan,nan,17.2662830353
nan,nan,16.6481399536
nan,nan,13.2614173889
nan,nan,15.856010437
nan,nan,13.302233696
nan,nan,14.9821500778
nan,nan,13.2359571457
nan,nan,11.9648742676
nan,nan,11.1923189163
nan,nan,10.8945817947
nan,nan,13.6783723831
nan,nan,12.975976944
nan,nan,13.1979064941
nan,nan,12.136264801
nan,nan,11.8093185425
nan,nan,12.0777997971
nan,nan,10.8590068817
nan,nan,11.21185112
nan,nan,192.173233032
nan,nan,181.988555908
nan,nan,155.337783813
nan,nan,168.878967285
nan,nan,158.649429321
nan,nan,153.148483276
nan,nan,158.693771362
nan,nan,140.03692627
nan,nan,128.730438232
nan,nan,147.098953247
nan,nan,100.166252136
nan,nan,80.6124725342
nan,nan,452.897033691
nan,nan,450.868499756
nan,nan,473.840087891
nan,nan,386.662994385
nan,nan,499.118682861
nan,nan,223.875259399
nan,nan,466.266021729
nan,nan,593.374694824
nan,nan,14.9451532364
nan,nan,282.98324585
nan,nan,174.059921265
nan,nan,13.5383043289
nan,nan,1053.40039062
nan,nan,1078.140625
nan,nan,1190.65039062
nan,nan,873.437255859
nan,nan,1255.60717773
nan,nan,402.948455811
nan,nan,1115.54541016
nan,nan,1472.82763672
nan,nan,11.8316497803
nan,nan,672.933044434
nan,nan,350.069854736
nan,nan,188.639068604
nan,nan,29.1976680756
nan,nan,268.260314941
nan,nan,38.0223236084
nan,nan,149.086288452
nan,nan,27.2476539612
nan,nan,110.547576904
nan,nan,168.971572876
nan,nan,28.7305736542
nan,nan,152.589035034
nan,nan,59.0092506409
nan,nan,32.7553520203
nan,nan,193.924331665
nan,nan,161.669830322
nan,nan,315.077575684
nan,nan,106.801147461
nan,nan,233.08795166
nan,nan,82.8139648438
nan,nan,156.157699585
nan,nan,206.48614502
nan,nan,50.7018737793
nan,nan,210.816238403
nan,nan,83.5832519531
nan,nan,45.5387458801
nan,nan,203.50692749
nan,nan,147.558013916
nan,nan,315.718688965
nan,nan,90.1178665161
nan,nan,243.673095703
nan,nan,80.1291809082
nan,nan,179.674789429
nan,nan,190.402450562
nan,nan,191.02444458
nan,nan,215.821060181
nan,nan,85.9838943481
nan,nan,46.3632011414
nan,nan,264.569549561
nan,nan,223.910293579
nan,nan,297.263671875
nan,nan,125.553009033
nan,nan,282.064605713
nan,nan,89.2632369995
nan,nan,227.687271118
nan,nan,202.616455078
nan,nan,196.275970459
nan,nan,223.820175171
nan,nan,240.606887817
nan,nan,37.7369232178
nan,nan,186.682373047
nan,nan,132.948532104
nan,nan,261.809417725
nan,nan,66.5233306885
nan,nan,252.700668335
nan,nan,51.7090568542
nan,nan,205.878036499
nan,nan,211.081710815
nan,nan,184.305770874
nan,nan,221.939971924
nan,nan,238.542938232
nan,nan,36.3984069824
nan,nan,171.464111328
nan,nan,121.883903503
nan,nan,249.876708984
nan,nan,52.7947273254
nan,nan,243.095687866
nan,nan,38.3168640137
nan,nan,199.484802246
nan,nan,199.811355591
nan,nan,176.520233154
nan,nan,224.694900513
nan,nan,224.514816284
nan,nan,27.3029212952
nan,nan,198.622146606
nan,nan,152.545150757
nan,nan,279.022827148
nan,nan,59.1589775085
nan,nan,277.219146729
nan,nan,35.9113769531
nan,nan,222.582519531
nan,nan,229.273864746
nan,nan,176.621520996
nan,nan,240.794036865
nan,nan,244.032836914
nan,nan,18.755865097
nan,nan,184.979202271
nan,nan,141.156951904
nan,nan,264.775970459
nan,nan,54.4075546265
nan,nan,263.444335938
nan,nan,29.7275619507
nan,nan,210.757339478
nan,nan,220.914733887
nan,nan,160.07043457
nan,nan,228.729751587
nan,nan,233.370193481
nan,nan,17.3395118713
nan,nan,187.21434021
nan,nan,138.934814453
nan,nan,267.344177246
nan,nan,56.4767684937
nan,nan,266.621856689
nan,nan,23.6110553741
nan,nan,209.935775757
nan,nan,226.950714111
nan,nan,138.836364746
nan,nan,235.478134155
nan,nan,239.551956177
nan,nan,18.3625583649
nan,nan,501.332977295
nan,nan,405.552764893
nan,nan,783.977783203
nan,nan,241.677886963
nan,nan,702.198669434
nan,nan,482.001251221
nan,nan,821.270690918
nan,nan,150.951293945
nan,nan,465.156463623
nan,nan,463.7371521
nan,nan,224.082824707
nan,nan,223.171478271
nan,nan,663.505737305
nan,nan,163.001037598
nan,nan,625.268493652
nan,nan,465.472747803
nan,nan,563.515563965
nan,nan,117.016975403
nan,nan,479.724975586
nan,nan,537.204772949
nan,nan,274.632263184
nan,nan,282.681915283
nan,nan,675.22644043
nan,nan,234.285263062
nan,nan,680.428466797
nan,nan,535.938659668
nan,nan,610.760192871
nan,nan,186.224609375
nan,nan,529.961853027
nan,nan,574.243347168
nan,nan,293.941070557
nan,nan,290.73538208
nan,nan,750.797424316
nan,nan,225.010559082
nan,nan,737.288879395
nan,nan,558.490356445
nan,nan,672.771850586
nan,nan,14.3312158585
nan,nan,555.141296387
nan,nan,610.748474121
nan,nan,388.773620605
nan,nan,349.00177002
nan,nan,755.31817627
nan,nan,220.163757324
nan,nan,678.903381348
nan,nan,494.345184326
nan,nan,653.696044922
nan,nan,13.7078495026
nan,nan,531.267333984
nan,nan,624.592590332
nan,nan,257.503845215
nan,nan,242.319503784
nan,nan,778.043640137
nan,nan,167.759490967
nan,nan,716.997314453
nan,nan,539.282653809
nan,nan,634.621826172
nan,nan,14.0522155762
nan,nan,547.11315918
nan,nan,645.815917969
nan,nan,319.642547607
nan,nan,293.872772217
nan,nan,747.440490723
nan,nan,199.631866455
nan,nan,718.670532227
nan,nan,532.918884277
nan,nan,673.863220215
nan,nan,12.3970060349
nan,nan,538.865539551
nan,nan,619.244445801
nan,nan,397.894989014
nan,nan,367.908660889
nan,nan,910.815002441
nan,nan,233.657577515
nan,nan,849.809082031
nan,nan,672.336425781
nan,nan,703.213195801
nan,nan,723.21282959
nan,nan,903.788452148
nan,nan,21.6923046112
nan,nan,90.9000091553
nan,nan,31.6847553253
nan,nan,38.1140327454
nan,nan,31.4562835693
nan,nan,38.2735214233
nan,nan,33.4963111877
nan,nan,29.5335350037
nan,nan,30.7871551514
nan,nan,24.5108642578
nan,nan,31.4743270874
nan,nan,92.5489044189
nan,nan,27.7933387756
nan,nan,39.4025154114
nan,nan,35.183380127
nan,nan,40.5108909607
nan,nan,34.431476593
nan,nan,30.4751682281
nan,nan,34.3953781128
nan,nan,26.2665405273
nan,nan,34.3560714722
nan,nan,63.8051528931
nan,nan,29.231218338
nan,nan,42.4929733276
nan,nan,33.9708862305
nan,nan,38.9187583923
nan,nan,32.9972229004
nan,nan,31.0139255524
nan,nan,38.7594070435
nan,nan,29.2248897552
nan,nan,83.7130737305
nan,nan,107.460502625
nan,nan,41.169052124
nan,nan,65.8268890381
nan,nan,68.904335022
nan,nan,53.100643158
nan,nan,58.4598770142
nan,nan,47.4371070862
nan,nan,45.0814170837
nan,nan,38.5044441223
nan,nan,141.635101318
nan,nan,112.280181885
nan,nan,41.6277542114
nan,nan,81.4091949463
nan,nan,64.483543396
nan,nan,70.41431427
nan,nan,69.7223129272
nan,nan,55.6517333984
nan,nan,59.0187797546
nan,nan,46.2629547119
nan,nan,199.768096924
nan,nan,133.930633545
nan,nan,44.4573173523
nan,nan,133.737945557
nan,nan,81.4337768555
nan,nan,104.10345459
nan,nan,87.7226638794
nan,nan,61.9016113281
nan,nan,77.4207000732
nan,nan,53.9465484619
nan,nan,188.7605896
nan,nan,104.144836426
nan,nan,43.1028633118
nan,nan,179.07220459
nan,nan,76.2451553345
nan,nan,113.851249695
nan,nan,80.2657394409
nan,nan,61.0263557434
nan,nan,101.169578552
nan,nan,54.9539718628
nan,nan,182.02696228
nan,nan,108.999511719
nan,nan,46.2608985901
nan,nan,167.202224731
nan,nan,107.864013672
nan,nan,145.343734741
nan,nan,70.2573165894
nan,nan,52.2039031982
nan,nan,93.8052139282
nan,nan,46.4599990845
nan,nan,179.098403931
nan,nan,124.987564087
nan,nan,51.9520683289
nan,nan,157.883422852
nan,nan,139.024414062
nan,nan,137.92288208
nan,nan,99.4295120239
nan,nan,49.7531929016
nan,nan,102.525604248
nan,nan,50.1632995605
nan,nan,254.197509766
nan,nan,173.879684448
nan,nan,47.3770599365
nan,nan,233.263626099
nan,nan,195.954330444
nan,nan,216.868347168
nan,nan,129.663650513
nan,nan,51.865322113
nan,nan,156.223693848
nan,nan,55.6578826904
nan,nan,235.161697388
nan,nan,160.639892578
nan,nan,42.3628425598
nan,nan,227.566040039
nan,nan,188.416107178
nan,nan,225.131820679
nan,nan,132.112472534
nan,nan,51.9526290894
nan,nan,167.160202026
nan,nan,60.8660392761
nan,nan,296.962402344
nan,nan,218.962692261
nan,nan,40.0147781372
nan,nan,278.066772461
nan,nan,234.261581421
nan,nan,274.877624512
nan,nan,163.797927856
nan,nan,57.5203704834
nan,nan,215.985733032
nan,nan,74.3114700317
nan,nan,252.114059448
nan,nan,188.705230713
nan,nan,37.032699585
nan,nan,230.274978638
nan,nan,196.386566162
nan,nan,221.71697998
nan,nan,136.503097534
nan,nan,53.6597480774
nan,nan,169.663848877
nan,nan,67.626083374
nan,nan,274.827087402
nan,nan,194.695449829
nan,nan,39.0737419128
nan,nan,251.947952271
nan,nan,211.846359253
nan,nan,240.472000122
nan,nan,146.926452637
nan,nan,55.8295478821
nan,nan,176.870239258
nan,nan,69.6136856079
nan,nan,230.385131836
nan,nan,165.60559082
nan,nan,37.5378990173
nan,nan,213.883010864
nan,nan,180.373001099
nan,nan,204.767074585
nan,nan,127.471290588
nan,nan,53.4696121216
nan,nan,153.284698486
nan,nan,65.744972229
nan,nan,246.845352173
nan,nan,179.947875977
nan,nan,42.2340049744
nan,nan,225.518829346
nan,nan,192.671340942
nan,nan,216.495285034
nan,nan,135.861236572
nan,nan,55.364654541
nan,nan,162.388244629
nan,nan,75.1885375977
nan,nan,307.669311523
nan,nan,220.36807251
nan,nan,45.6912307739
nan,nan,278.448883057
nan,nan,236.361022949
nan,nan,266.182983398
nan,nan,163.636230469
nan,nan,58.9714813232
nan,nan,197.330764771
nan,nan,87.4453125
nan,nan,743.220153809
nan,nan,510.321960449
nan,nan,54.1707878113
nan,nan,691.672668457
nan,nan,565.825805664
nan,nan,690.20703125
nan,nan,374.840637207
nan,nan,58.0967102051
nan,nan,502.07421875
nan,nan,165.955001831
nan,nan,715.721557617
nan,nan,487.911651611
nan,nan,39.4303321838
nan,nan,672.828979492
nan,nan,547.989074707
nan,nan,675.182922363
nan,nan,360.452850342
nan,nan,36.0903282166
nan,nan,484.720581055
nan,nan,151.532485962
nan,nan,454.957977295
nan,nan,308.636199951
nan,nan,23.0185680389
nan,nan,431.205474854
nan,nan,351.50982666
nan,nan,436.504882812
nan,nan,226.597259521
nan,nan,16.984544754
nan,nan,318.279968262
nan,nan,89.1822357178
nan,nan,315.058044434
nan,nan,210.292678833
nan,nan,17.1808338165
nan,nan,303.434631348
nan,nan,239.560974121
nan,nan,306.656463623
nan,nan,137.695709229
nan,nan,14.453537941
nan,nan,225.110641479
nan,nan,37.5826339722
nan,nan,313.667327881
nan,nan,204.83164978
nan,nan,21.5530719757
nan,nan,298.199432373
nan,nan,236.751541138
nan,nan,299.818481445
nan,nan,139.430130005
nan,nan,17.3328838348
nan,nan,219.125320435
nan,nan,27.6855392456
nan,nan,532.537475586
nan,nan,344.221862793
nan,nan,30.0933074951
nan,nan,493.548431396
nan,nan,390.124359131
nan,nan,490.239532471
nan,nan,228.332077026
nan,nan,22.4687080383
nan,nan,344.284667969
nan,nan,38.6802978516
nan,nan,291.624176025
nan,nan,187.726699829
nan,nan,20.39361763
nan,nan,276.730224609
nan,nan,217.773422241
nan,nan,277.192626953
nan,nan,127.158241272
nan,nan,16.8489189148
nan,nan,202.683624268
nan,nan,26.7731075287
nan,nan,284.423339844
nan,nan,184.338943481
nan,nan,21.8638191223
nan,nan,269.778656006
nan,nan,213.234268188
nan,nan,270.978271484
nan,nan,127.954353333
nan,nan,18.0159072876
nan,nan,200.210266113
nan,nan,28.9965057373
nan,nan,342.914764404
nan,nan,223.05291748
nan,nan,23.8687286377
nan,nan,320.148925781
nan,nan,255.047225952
nan,nan,317.731628418
nan,nan,153.486785889
nan,nan,19.7500305176
nan,nan,230.171127319
nan,nan,31.7123908997
nan,nan,353.335388184
nan,nan,230.750595093
nan,nan,26.399438858
nan,nan,329.852996826
nan,nan,264.590209961
nan,nan,326.697967529
nan,nan,163.747131348
nan,nan,22.2213592529
nan,nan,237.850357056
nan,nan,35.0197906494
nan,nan,339.46887207
nan,nan,222.535873413
nan,nan,28.0779399872
nan,nan,319.69921875
nan,nan,256.724456787
nan,nan,318.221862793
nan,nan,162.32510376
nan,nan,23.7205753326
nan,nan,235.322296143
nan,nan,37.2386169434
nan,nan,352.596221924
nan,nan,231.386856079
nan,nan,29.4130477905
nan,nan,331.538024902
nan,nan,266.838439941
nan,nan,327.459320068
nan,nan,169.0493927
nan,nan,25.4447937012
nan,nan,240.541824341
nan,nan,38.81300354
nan,nan,209.710830688
nan,nan,139.067428589
nan,nan,24.3488178253
nan,nan,203.203872681
nan,nan,164.93548584
nan,nan,203.52557373
nan,nan,109.91229248
nan,nan,23.4914951324
nan,nan,157.901000977
nan,nan,33.7758903503
nan,nan,298.359130859
nan,nan,198.364700317
nan,nan,33.0331993103
nan,nan,287.508331299
nan,nan,232.736038208
nan,nan,288.103271484
nan,nan,155.827026367
nan,nan,28.2899913788
nan,nan,220.897674561
nan,nan,42.6450691223
nan,nan,437.71697998
nan,nan,289.751159668
nan,nan,42.5745735168
nan,nan,417.705963135
nan,nan,334.473205566
nan,nan,415.204711914
nan,nan,217.580291748
nan,nan,33.3905143738
nan,nan,309.966369629
nan,nan,52.32447052
nan,nan,324.672241211
nan,nan,216.373962402
nan,nan,37.4629516602
nan,nan,315.178771973
nan,nan,254.27444458
nan,nan,315.930389404
nan,nan,171.862060547
nan,nan,31.0553531647
nan,nan,242.519622803
nan,nan,47.3335914612
nan,nan,261.01953125
nan,nan,176.224243164
nan,nan,34.8457183838
nan,nan,255.45161438
nan,nan,208.277206421
nan,nan,256.207092285
nan,nan,145.26020813
nan,nan,30.2193050385
nan,nan,200.412734985
nan,nan,44.6263046265
nan,nan,269.483184814
nan,nan,183.797409058
nan,nan,39.0075531006
nan,nan,263.374694824
nan,nan,215.481613159
nan,nan,263.239501953
nan,nan,151.62677002
nan,nan,32.7752456665
nan,nan,205.478012085
nan,nan,47.8110427856
nan,nan,254.813339233
nan,nan,174.987045288
nan,nan,39.2777824402
nan,nan,250.463150024
nan,nan,205.424957275
nan,nan,250.886306763
nan,nan,146.642791748
nan,nan,32.9491767883
nan,nan,197.99079895
nan,nan,48.0986976624
nan,nan,380.306335449
nan,nan,256.54989624
nan,nan,46.808795929
nan,nan,369.658691406
nan,nan,297.970397949
nan,nan,369.672546387
nan,nan,203.862792969
nan,nan,35.7134284973
nan,nan,283.684967041
nan,nan,55.0099945068
nan,nan,257.560699463
nan,nan,174.987121582
nan,nan,36.320941925
nan,nan,255.264419556
nan,nan,207.488861084
nan,nan,257.941802979
nan,nan,147.294052124
nan,nan,29.7498226166
nan,nan,204.407302856
nan,nan,45.114440918
nan,nan,275.867950439
nan,nan,189.501907349
nan,nan,42.8645401001
nan,nan,272.552856445
nan,nan,222.134750366
nan,nan,273.770751953
nan,nan,158.519104004
nan,nan,33.4214134216
nan,nan,214.992401123
nan,nan,49.543674469
nan,nan,268.351165771
nan,nan,185.317550659
nan,nan,44.6414146423
nan,nan,266.675354004
nan,nan,217.292114258
nan,nan,268.420532227
nan,nan,156.756881714
nan,nan,34.3362503052
nan,nan,212.332565308
nan,nan,50.9105644226
nan,nan,380.754272461
nan,nan,280.048950195
nan,nan,46.3150100708
nan,nan,402.061065674
nan,nan,322.49520874
nan,nan,410.981384277
nan,nan,249.130279541
nan,nan,30.40467453
nan,nan,325.955688477
nan,nan,66.373878479
nan,nan,258.758789062
nan,nan,182.774108887
nan,nan,24.3772220612
nan,nan,271.565368652
nan,nan,215.324447632
nan,nan,271.485748291
nan,nan,158.787063599
nan,nan,13.7953824997
nan,nan,189.429718018
nan,nan,92.8266677856
nan,nan,303.467071533
nan,nan,207.089523315
nan,nan,28.0620441437
nan,nan,280.660369873
nan,nan,236.6849823
nan,nan,228.519744873
nan,nan,164.152526855
nan,nan,18.179889679
nan,nan,169.658157349
nan,nan,66.932762146
nan,nan,681.662780762
nan,nan,411.996704102
nan,nan,29.8185443878
nan,nan,679.096862793
nan,nan,536.611938477
nan,nan,558.823059082
nan,nan,397.747924805
nan,nan,15.0969314575
nan,nan,407.518707275
nan,nan,270.464080811
nan,nan,299.144683838
nan,nan,243.276367188
nan,nan,22.3027706146
nan,nan,300.575286865
nan,nan,201.617385864
nan,nan,260.942749023
nan,nan,17.5827236176
nan,nan,11.1156663895
nan,nan,163.676315308
nan,nan,31.0579471588
nan,nan,183.697998047
nan,nan,181.703735352
nan,nan,20.141544342
nan,nan,185.033905029
nan,nan,137.994171143
nan,nan,172.862380981
nan,nan,20.3487472534
nan,nan,15.7716493607
nan,nan,114.011375427
nan,nan,21.281414032
nan,nan,22.401599884
nan,nan,28.2055988312
nan,nan,41.4484634399
nan,nan,46.1844978333
nan,nan,53.0996894836
nan,nan,62.0805435181
nan,nan,65.2583770752
nan,nan,66.9001312256
nan,nan,52.851776123
nan,nan,55.0231742859
nan,nan,34.0320167542
nan,nan,40.6434440613
nan,nan,45.4407157898
nan,nan,49.5520744324
nan,nan,54.6694755554
nan,nan,56.9261856079
nan,nan,68.0204467773
nan,nan,67.5734481812
nan,nan,50.4388046265
nan,nan,54.8475189209
nan,nan,69.67943573
nan,nan,70.3537139893
nan,nan,37.4740638733
nan,nan,51.8519477844
nan,nan,24.6408958435
nan,nan,20.2013263702
nan,nan,10.4781179428
nan,nan,176.072372437
nan,nan,27.8621520996
nan,nan,211.494689941
nan,nan,164.123123169
nan,nan,19.2392959595
nan,nan,15.8252096176
nan,nan,13.0372934341
nan,nan,89.5638885498
nan,nan,11.3405179977
nan,nan,89.2503128052
nan,nan,64.7360687256
nan,nan,13.4299230576
nan,nan,13.3274822235
nan,nan,12.9240951538
nan,nan,43.1334037781
nan,nan,11.6632471085
nan,nan,38.4506378174
nan,nan,29.852060318
nan,nan,121.133529663
nan,nan,217.654922485
nan,nan,228.4637146
nan,nan,538.539123535
nan,nan,1780.73010254
nan,nan,1850.51525879
nan,nan,2265.00512695
nan,nan,2246.50048828
nan,nan,2036.55297852
nan,nan,2949.06567383
nan,nan,3197.24536133
nan,nan,3455.81762695
nan,nan,2393.11889648
nan,nan,2888.77246094
nan,nan,3973.11206055
nan,nan,1322.41687012
nan,nan,4323.38916016
nan,nan,1428.13037109
nan,nan,4049.45507812
nan,nan,3453.99316406
nan,nan,3488.95458984
nan,nan,2467.42919922
nan,nan,5231.52978516
nan,nan,5557.77832031
nan,nan,5010.17333984
nan,nan,4111.87109375
nan,nan,7383.10400391
nan,nan,5302.85546875
nan,nan,3423.50048828
nan,nan,5980.63330078
nan,nan,1403.40722656
nan,nan,2254.00268555
nan,nan,3320.02319336
nan,nan,1299.1072998
nan,nan,2780.98950195
nan,nan,5516.33300781
nan,nan,2375.16137695
nan,nan,2980.31079102
nan,nan,2454.30737305
nan,nan,2870.48364258
nan,nan,3297.7578125
nan,nan,2960.41259766
nan,nan,2455.47583008
nan,nan,1529.72277832
nan,nan,2549.91210938
nan,nan,2660.3815918
nan,nan,425.241210938
nan,nan,1866.0793457
nan,nan,2156.27416992
nan,nan,1224.35314941
nan,nan,2602.70239258
nan,nan,2010.99731445
nan,nan,3016.93383789
nan,nan,3814.0234375
nan,nan,4708.92431641
nan,nan,1060.6973877
nan,nan,2307.42749023
nan,nan,1137.85290527
nan,nan,1980.87109375
nan,nan,2105.71508789
nan,nan,2487.19604492
nan,nan,2651.36474609
nan,nan,2586.54125977
nan,nan,2503.12524414
nan,nan,2396.83325195
nan,nan,3441.02172852
nan,nan,3259.32006836
nan,nan,3369.18676758
nan,nan,3135.37084961
nan,nan,1590.12536621
nan,nan,1104.05895996
nan,nan,5030.93603516
nan,nan,5480.20410156
nan,nan,1692.78466797
nan,nan,1188.91088867
nan,nan,5199.47802734
nan,nan,5887.86132812
nan,nan,3824.40527344
nan,nan,3851.703125
nan,nan,2860.75488281
nan,nan,3187.19506836
nan,nan,3182.68041992
nan,nan,3261.09594727
nan,nan,2098.42114258
nan,nan,949.200012207
nan,nan,5782.17919922
nan,nan,6628.49072266
nan,nan,6071.64013672
nan,nan,6904.08447266
nan,nan,5337.40625
nan,nan,5936.55126953
nan,nan,3678.91918945
nan,nan,4077.83789062
nan,nan,7744.32519531
nan,nan,8674.7734375
nan,nan,5809.54199219
nan,nan,6400.04736328
nan,nan,110.157905579
nan,nan,109.471504211
nan,nan,379.852966309
nan,nan,587.139892578
nan,nan,6825.22070312
nan,nan,7732.71630859
nan,nan,1441.28210449
nan,nan,1102.3269043
nan,nan,2461.26611328
nan,nan,2338.02050781
nan,nan,2447.32543945
nan,nan,3046.52172852
nan,nan,3027.19262695
nan,nan,2773.88598633
nan,nan,2136.87060547
nan,nan,1646.06970215
nan,nan,2450.56958008
nan,nan,2781.48730469
nan,nan,1968.56481934
nan,nan,2413.44946289
nan,nan,2401.93481445
nan,nan,2683.85742188
nan,nan,3433.29785156
nan,nan,3703.41699219
nan,nan,744.382568359
nan,nan,617.452453613
nan,nan,2299.06811523
nan,nan,2814.14233398
nan,nan,2061.71435547
nan,nan,2352.58154297
nan,nan,2280.87255859
nan,nan,2445.85961914
nan,nan,303.825744629
nan,nan,190.495803833
nan,nan,2418.48876953
nan,nan,1209.07617188
nan,nan,1527.29821777
nan,nan,1052.93066406
nan,nan,2292.39941406
nan,nan,2506.70214844
nan,nan,2846.37817383
nan,nan,3126.69873047
nan,nan,4347.56494141
nan,nan,4860.21435547
nan,nan,5650.19921875
nan,nan,6315.91015625
nan,nan,1215.28649902
nan,nan,1235.67443848
nan,nan,2248.5065918
nan,nan,200.940490723
nan,nan,151.949645996
nan,nan,130.32635498
nan,nan,94.968963623
nan,nan,116.302284241
nan,nan,123.092819214
nan,nan,81.8272857666
nan,nan,139.558853149
nan,nan,166.156158447
nan,nan,129.974761963
nan,nan,390.544555664
nan,nan,437.019744873
nan,nan,295.593170166
nan,nan,177.902984619
nan,nan,166.234313965
nan,nan,272.341796875
nan,nan,126.521911621
nan,nan,152.768539429
nan,nan,193.388305664
nan,nan,202.086196899
nan,nan,55.6414909363
nan,nan,71.8530654907
nan,nan,90.6023254395
nan,nan,259.4190979
nan,nan,120.769561768
nan,nan,118.685211182
nan,nan,72.6550369263
nan,nan,51.1888465881
nan,nan,131.649307251
nan,nan,213.711380005
nan,nan,183.035293579
nan,nan,160.433883667
nan,nan,122.441268921
nan,nan,143.913024902
nan,nan,189.377822876
nan,nan,168.41758728
nan,nan,263.0809021
nan,nan,276.758209229
nan,nan,317.263214111
nan,nan,345.944702148
nan,nan,460.034240723
nan,nan,817.561645508
nan,nan,354.146087646
nan,nan,25.2859382629
nan,nan,28.002538681
nan,nan,29.2139358521
nan,nan,32.4252700806
nan,nan,24.0460128784
nan,nan,44.9424438477
nan,nan,54.0386772156
nan,nan,87.2597122192
nan,nan,139.253234863
nan,nan,48.0838241577
nan,nan,254.502731323
nan,nan,25.6100845337
nan,nan,306.60345459
nan,nan,19.8397884369
nan,nan,260.27532959
nan,nan,18.8828830719
nan,nan,271.702545166
nan,nan,19.8299808502
nan,nan,287.541564941
nan,nan,18.118844986
nan,nan,256.80166626
nan,nan,20.9668102264
nan,nan,289.269439697
nan,nan,17.1426486969
nan,nan,256.847869873
nan,nan,18.5290699005
nan,nan,299.579223633
nan,nan,21.5462398529
nan,nan,373.026123047
nan,nan,20.7078170776
nan,nan,351.234863281
nan,nan,19.0225868225
nan,nan,301.321594238
nan,nan,17.2180786133
nan,nan,270.20425415
nan,nan,19.5550918579
nan,nan,332.77432251
nan,nan,17.4581871033
nan,nan,283.838562012
nan,nan,21.8125095367
nan,nan,339.600006104
nan,nan,22.1450557709
nan,nan,354.058197021
nan,nan,16.6447067261
nan,nan,255.101119995
nan,nan,18.8218765259
nan,nan,290.874267578
nan,nan,19.9629535675
nan,nan,318.229125977
nan,nan,19.9280452728
nan,nan,326.452178955
nan,nan,18.3027324677
nan,nan,297.847290039
nan,nan,20.3446960449
nan,nan,307.612792969
nan,nan,17.6274394989
nan,nan,276.05291748
nan,nan,20.9792747498
nan,nan,317.342071533
nan,nan,23.5632381439
nan,nan,370.131713867
nan,nan,19.8748779297
nan,nan,316.021911621
nan,nan,17.5640983582
nan,nan,277.016235352
nan,nan,12.9565877914
nan,nan,166.957244873
nan,nan,26.9407176971
nan,nan,375.561279297
nan,nan,23.8181400299
nan,nan,352.218292236
nan,nan,23.0433197021
nan,nan,380.376525879
nan,nan,22.0501270294
nan,nan,379.176177979
nan,nan,13.8188800812
nan,nan,203.063262939
nan,nan,29.1604938507
nan,nan,424.670501709
nan,nan,20.7212104797
nan,nan,330.681518555
nan,nan,29.0202960968
nan,nan,941.056030273
nan,nan,17.8990592957
nan,nan,492.020965576
nan,nan,14.4812669754
nan,nan,226.435089111
nan,nan,13.6282320023
nan,nan,116.404800415
nan,nan,17.6655483246
nan,nan,107.137695312
nan,nan,25.2718658447
nan,nan,149.153640747
nan,nan,26.1662406921
nan,nan,243.671066284
nan,nan,18.2139511108
nan,nan,244.788146973
nan,nan,21.0215263367
nan,nan,388.763031006
nan,nan,16.8652210236
nan,nan,325.180969238
nan,nan,20.798948288
nan,nan,382.945617676
nan,nan,18.8737888336
nan,nan,389.016967773
nan,nan,13.9226408005
nan,nan,250.97076416
nan,nan,19.0953540802
nan,nan,370.91305542
nan,nan,23.6943588257
nan,nan,499.604156494
nan,nan,20.0407962799
nan,nan,411.590759277
nan,nan,18.5691070557
nan,nan,378.699829102
nan,nan,18.1864910126
nan,nan,365.039276123
nan,nan,17.4982337952
nan,nan,341.726013184
nan,nan,22.4391136169
nan,nan,478.725280762
nan,nan,15.2368001938
nan,nan,260.163879395
nan,nan,16.6275157928
nan,nan,228.920425415
nan,nan,21.0572433472
nan,nan,357.009460449
nan,nan,19.0822601318
nan,nan,322.702636719
nan,nan,15.3973932266
nan,nan,240.952407837
nan,nan,16.7877445221
nan,nan,277.487487793
nan,nan,20.4787826538
nan,nan,394.310272217
nan,nan,12.7546043396
nan,nan,230.760559082
nan,nan,18.1007423401
nan,nan,300.90838623
nan,nan,17.657875061
nan,nan,296.718078613
nan,nan,22.189573288
nan,nan,380.628936768
nan,nan,16.463552475
nan,nan,263.38885498
nan,nan,23.6826629639
nan,nan,399.45022583
nan,nan,14.0405073166
nan,nan,211.406234741
nan,nan,19.8723011017
nan,nan,319.969055176
nan,nan,11.1914138794
nan,nan,155.416656494
nan,nan,21.0258407593
nan,nan,365.62097168
nan,nan,11.336233139
nan,nan,176.839019775
nan,nan,18.811378479
nan,nan,319.954925537
nan,nan,18.3646812439
nan,nan,340.828796387
nan,nan,25.1272068024
nan,nan,678.854553223
nan,nan,11.5707492828
nan,nan,562.051757812
nan,nan,236.73097229
nan,nan,11.0544652939
nan,nan,207.55557251
nan,nan,14.3031435013
nan,nan,576.623962402
nan,nan,10.4875793457
nan,nan,259.949493408
nan,nan,10.2542390823
nan,nan,173.757156372
nan,nan,11.4779453278
nan,nan,201.283813477
nan,nan,11.3871002197
nan,nan,186.123703003
nan,nan,12.455288887
nan,nan,201.179534912
nan,nan,13.359954834
nan,nan,226.785186768
nan,nan,13.203286171
nan,nan,200.711730957
nan,nan,14.4741516113
nan,nan,215.512252808
nan,nan,15.3262786865
nan,nan,226.82774353
nan,nan,15.0999698639
nan,nan,215.571533203
nan,nan,15.8701505661
nan,nan,218.087463379
nan,nan,16.0428447723
nan,nan,222.566329956
nan,nan,17.8550720215
nan,nan,288.265960693
nan,nan,16.2217731476
nan,nan,290.301239014
nan,nan,19.8787288666
nan,nan,339.597290039
nan,nan,18.2053203583
nan,nan,332.201660156
nan,nan,20.2998485565
nan,nan,424.299835205
nan,nan,19.4686832428
nan,nan,447.515045166
nan,nan,17.7710590363
nan,nan,516.201782227
nan,nan,16.2607803345
nan,nan,789.037963867
nan,nan,547.064086914
nan,nan,645.401550293
nan,nan,24.4031734467
nan,nan,100.922325134
nan,nan,24.5158920288
nan,nan,130.962661743
nan,nan,26.2078895569
nan,nan,130.006454468
nan,nan,26.8845100403
nan,nan,130.620162964
nan,nan,28.6796970367
nan,nan,115.048995972
nan,nan,202.096328735
nan,nan,122.995254517
nan,nan,389.316558838
nan,nan,88.7198791504
nan,nan,392.855010986
nan,nan,92.7740707397
nan,nan,418.709625244
nan,nan,83.37449646
nan,nan,42.6407699585
nan,nan,398.01940918
nan,nan,424.865997314
nan,nan,140.22543335
nan,nan,418.812011719
nan,nan,329.499237061
nan,nan,285.496795654
nan,nan,42.7806816101
nan,nan,363.926391602
nan,nan,360.723419189
nan,nan,193.434326172
nan,nan,375.206420898
nan,nan,326.917266846
nan,nan,275.891845703
nan,nan,595.977416992
nan,nan,432.125946045
nan,nan,271.999816895
nan,nan,214.073669434
nan,nan,341.783355713
nan,nan,311.27444458
nan,nan,284.264251709
nan,nan,471.215545654
nan,nan,354.873535156
nan,nan,247.399093628
nan,nan,200.99382019
nan,nan,296.77722168
nan,nan,287.185211182
nan,nan,262.590087891
nan,nan,342.934661865
nan,nan,272.389862061
nan,nan,199.115234375
nan,nan,162.947525024
nan,nan,227.201583862
nan,nan,226.031723022
nan,nan,210.157272339
nan,nan,256.443511963
nan,nan,208.87071228
nan,nan,156.925003052
nan,nan,128.804382324
nan,nan,176.306777954
nan,nan,175.059341431
nan,nan,163.370697021
nan,nan,202.608535767
nan,nan,165.207092285
nan,nan,125.764396667
nan,nan,102.920722961
nan,nan,135.360824585
nan,nan,131.131317139
nan,nan,123.79889679
nan,nan,191.121658325
nan,nan,157.66305542
nan,nan,124.781913757
nan,nan,98.3814315796
nan,nan,129.229721069
nan,nan,126.11390686
nan,nan,117.68346405
nan,nan,424.071960449
nan,nan,320.097503662
nan,nan,217.535446167
nan,nan,162.742111206
nan,nan,239.614807129
nan,nan,212.25352478
nan,nan,191.758163452
nan,nan,330.898803711
nan,nan,238.280075073
nan,nan,152.233932495
nan,nan,112.19153595
nan,nan,170.97013855
nan,nan,141.853027344
nan,nan,127.234527588
nan,nan,307.030426025
nan,nan,217.53944397
nan,nan,137.215896606
nan,nan,100.271713257
nan,nan,154.465270996
nan,nan,127.406532288
nan,nan,113.94808197
nan,nan,317.607299805
nan,nan,224.734848022
nan,nan,143.471298218
nan,nan,104.299949646
nan,nan,160.521499634
nan,nan,136.198745728
nan,nan,121.514732361
nan,nan,346.055480957
nan,nan,244.852539062
nan,nan,153.134155273
nan,nan,113.522422791
nan,nan,179.691604614
nan,nan,157.497131348
nan,nan,134.170822144
nan,nan,374.98324585
nan,nan,263.662475586
nan,nan,163.825088501
nan,nan,122.162025452
nan,nan,192.630523682
nan,nan,168.811508179
nan,nan,144.330535889
nan,nan,338.971405029
nan,nan,237.335494995
nan,nan,147.431427002
nan,nan,109.3516922
nan,nan,172.765045166
nan,nan,150.490814209
nan,nan,128.641494751
nan,nan,398.684814453
nan,nan,287.900360107
nan,nan,187.701965332
nan,nan,142.078170776
nan,nan,218.779266357
nan,nan,204.734283447
nan,nan,173.176223755
nan,nan,355.576049805
nan,nan,252.043182373
nan,nan,160.528137207
nan,nan,121.668701172
nan,nan,189.320297241
nan,nan,174.867141724
nan,nan,147.733123779
nan,nan,426.454772949
nan,nan,308.388671875
nan,nan,198.906646729
nan,nan,141.107849121
nan,nan,235.258346558
nan,nan,222.245880127
nan,nan,181.535614014
nan,nan,431.557403564
nan,nan,300.12789917
nan,nan,185.838516235
nan,nan,138.812316895
nan,nan,221.65788269
nan,nan,201.506591797
nan,nan,169.344024658
nan,nan,421.047546387
nan,nan,285.234954834
nan,nan,172.297805786
nan,nan,130.806137085
nan,nan,207.404510498
nan,nan,185.878356934
nan,nan,157.258422852
nan,nan,415.059936523
nan,nan,288.181884766
nan,nan,177.249237061
nan,nan,129.101486206
nan,nan,212.324615479
nan,nan,192.44758606
nan,nan,159.415618896
nan,nan,414.030273438
nan,nan,291.889526367
nan,nan,183.791381836
nan,nan,135.035415649
nan,nan,219.02154541
nan,nan,203.572189331
nan,nan,168.092102051
nan,nan,428.204193115
nan,nan,302.30859375
nan,nan,190.140228271
nan,nan,138.254730225
nan,nan,227.678695679
nan,nan,212.190979004
nan,nan,174.220947266
nan,nan,340.337280273
nan,nan,228.214584351
nan,nan,138.054763794
nan,nan,110.374336243
nan,nan,166.753005981
nan,nan,149.442367554
nan,nan,129.19140625
nan,nan,440.519012451
nan,nan,313.295013428
nan,nan,201.808044434
nan,nan,154.564758301
nan,nan,238.735671997
nan,nan,225.703567505
nan,nan,189.426055908
nan,nan,418.667602539
nan,nan,291.85949707
nan,nan,181.137237549
nan,nan,133.656997681
nan,nan,216.164108276
nan,nan,196.673309326
nan,nan,163.246078491
nan,nan,440.463684082
nan,nan,308.061859131
nan,nan,191.291625977
nan,nan,138.015548706
nan,nan,227.893615723
nan,nan,207.611984253
nan,nan,171.055465698
nan,nan,440.341094971
nan,nan,311.900299072
nan,nan,192.434646606
nan,nan,131.521057129
nan,nan,230.039871216
nan,nan,205.886795044
nan,nan,166.937759399
nan,nan,434.976226807
nan,nan,302.560699463
nan,nan,183.967056274
nan,nan,129.67350769
nan,nan,220.846755981
nan,nan,196.089111328
nan,nan,160.849914551
nan,nan,487.482849121
nan,nan,340.329223633
nan,nan,211.120803833
nan,nan,155.052871704
nan,nan,254.007049561
nan,nan,235.552429199
nan,nan,193.378341675
nan,nan,321.079193115
nan,nan,205.138412476
nan,nan,115.495574951
nan,nan,97.1592788696
nan,nan,145.282989502
nan,nan,125.347679138
nan,nan,110.77545166
nan,nan,492.653625488
nan,nan,339.398010254
nan,nan,208.724502563
nan,nan,154.986938477
nan,nan,249.144058228
nan,nan,223.332305908
nan,nan,189.620254517
nan,nan,305.462127686
nan,nan,191.136627197
nan,nan,104.100944519
nan,nan,87.7133102417
nan,nan,131.567962646
nan,nan,110.327308655
nan,nan,100.592544556
nan,nan,482.592285156
nan,nan,331.413330078
nan,nan,203.195175171
nan,nan,150.618637085
nan,nan,240.883377075
nan,nan,213.339263916
nan,nan,181.951751709
nan,nan,496.179901123
nan,nan,343.195343018
nan,nan,210.682434082
nan,nan,152.776885986
nan,nan,250.923248291
nan,nan,223.942947388
nan,nan,187.613311768
nan,nan,413.627319336
nan,nan,271.595428467
nan,nan,157.110946655
nan,nan,121.974739075
nan,nan,193.662155151
nan,nan,168.001480103
nan,nan,144.908493042
nan,nan,356.99130249
nan,nan,222.183532715
nan,nan,119.003547668
nan,nan,100.619590759
nan,nan,155.519592285
nan,nan,133.351303101
nan,nan,117.450431824
nan,nan,253.272521973
nan,nan,124.711296082
nan,nan,24.6278991699
nan,nan,38.8824310303
nan,nan,51.7668952942
nan,nan,32.125164032
nan,nan,29.9360141754
nan,nan,539.973327637
nan,nan,293.071502686
nan,nan,37.8155937195
nan,nan,90.5206375122
nan,nan,143.528625488
nan,nan,45.7492637634
nan,nan,68.0568313599
nan,nan,552.869384766
nan,nan,299.318664551
nan,nan,35.4101905823
nan,nan,86.2445068359
nan,nan,142.33934021
nan,nan,41.3074798584
nan,nan,67.1138381958
nan,nan,536.912109375
nan,nan,289.99005127
nan,nan,33.889755249
nan,nan,81.740272522
nan,nan,131.525131226
nan,nan,38.0292396545
nan,nan,63.2205238342
nan,nan,281.143615723
nan,nan,140.552185059
nan,nan,19.457567215
nan,nan,38.6948814392
nan,nan,28.1881961823
nan,nan,18.985124588
nan,nan,28.2122802734
nan,nan,1091.52453613
nan,nan,527.199462891
nan,nan,27.7451782227
nan,nan,156.939208984
nan,nan,19.5481147766
nan,nan,30.5920276642
nan,nan,76.8887863159
nan,nan,728.824707031
nan,nan,338.69934082
nan,nan,14.2823991776
nan,nan,90.5698242188
nan,nan,18.2231254578
nan,nan,29.3474349976
nan,nan,395.987487793
nan,nan,184.442977905
nan,nan,11.6962051392
nan,nan,49.0378379822
nan,nan,16.6601867676
nan,nan,22.8346996307
nan,nan,184.436569214
nan,nan,87.5662536621
nan,nan,10.9771261215
nan,nan,24.65026474
nan,nan,14.6021947861
nan,nan,19.0796222687
nan,nan,162.534851074
nan,nan,81.9989776611
nan,nan,15.8419494629
nan,nan,28.0404415131
nan,nan,13.1731281281
nan,nan,18.7824306488
nan,nan,21.9689064026
nan,nan,241.320770264
nan,nan,129.833282471
nan,nan,28.9542160034
nan,nan,44.0313224792
nan,nan,24.0699863434
nan,nan,32.4853019714
nan,nan,34.2389450073
nan,nan,490.912445068
nan,nan,286.405456543
nan,nan,61.2566757202
nan,nan,142.235122681
nan,nan,55.0547637939
nan,nan,110.212760925
nan,nan,106.79309082
nan,nan,718.842041016
nan,nan,588.437927246
nan,nan,412.049224854
nan,nan,318.156188965
nan,nan,402.044891357
nan,nan,341.820922852
nan,nan,312.621795654
nan,nan,426.421813965
nan,nan,320.209960938
nan,nan,213.079040527
nan,nan,172.955368042
nan,nan,201.199630737
nan,nan,164.564712524
nan,nan,152.983352661
nan,nan,519.11907959
nan,nan,391.716064453
nan,nan,258.843353271
nan,nan,209.865325928
nan,nan,245.41053772
nan,nan,200.791000366
nan,nan,186.16015625
nan,nan,570.506774902
nan,nan,428.933563232
nan,nan,278.865661621
nan,nan,222.731552124
nan,nan,265.978973389
nan,nan,216.082748413
nan,nan,198.853668213
nan,nan,365.484283447
nan,nan,261.953369141
nan,nan,165.234695435
nan,nan,131.03515625
nan,nan,154.468780518
nan,nan,120.217247009
nan,nan,110.712501526
nan,nan,564.704956055
nan,nan,417.464660645
nan,nan,268.440032959
nan,nan,216.375091553
nan,nan,254.297225952
nan,nan,204.527679443
nan,nan,188.666671753
nan,nan,856.987365723
nan,nan,660.148803711
nan,nan,429.846069336
nan,nan,329.681884766
nan,nan,416.843811035
nan,nan,336.496398926
nan,nan,303.082336426
nan,nan,615.320800781
nan,nan,450.807739258
nan,nan,283.957641602
nan,nan,227.343963623
nan,nan,268.794158936
nan,nan,213.075256348
nan,nan,195.094665527
nan,nan,613.541625977
nan,nan,452.4112854
nan,nan,285.353149414
nan,nan,225.660873413
nan,nan,271.858093262
nan,nan,215.406005859
nan,nan,196.180252075
nan,nan,568.982666016
nan,nan,416.234313965
nan,nan,260.656860352
nan,nan,205.729034424
nan,nan,247.951812744
nan,nan,194.710159302
nan,nan,177.080841064
nan,nan,602.661560059
nan,nan,440.486328125
nan,nan,275.25289917
nan,nan,217.538665771
nan,nan,261.722137451
nan,nan,205.481109619
nan,nan,186.802764893
nan,nan,807.815734863
nan,nan,594.077880859
nan,nan,371.121704102
nan,nan,294.988922119
nan,nan,353.07598877
nan,nan,280.041168213
nan,nan,254.560836792
nan,nan,465.91217041
nan,nan,335.661499023
nan,nan,209.358581543
nan,nan,165.362091064
nan,nan,198.32824707
nan,nan,153.06477356
nan,nan,139.125366211
nan,nan,649.565917969
nan,nan,478.518676758
nan,nan,301.356628418
nan,nan,239.309875488
nan,nan,287.105621338
nan,nan,226.449401855
nan,nan,205.94342041
nan,nan,608.424133301
nan,nan,445.046508789
nan,nan,278.780029297
nan,nan,220.974304199
nan,nan,265.184539795
nan,nan,207.365402222
nan,nan,188.221710205
nan,nan,464.568725586
nan,nan,333.458129883
nan,nan,208.312484741
nan,nan,170.179031372
nan,nan,195.583740234
nan,nan,153.528579712
nan,nan,141.417251587
nan,nan,545.990478516
nan,nan,398.859649658
nan,nan,251.052627563
nan,nan,202.218002319
nan,nan,238.141479492
nan,nan,188.329391479
nan,nan,172.516906738
nan,nan,696.142822266
nan,nan,522.1640625
nan,nan,334.056732178
nan,nan,264.101165771
nan,nan,320.012756348
nan,nan,255.964111328
nan,nan,232.790161133
nan,nan,603.856140137
nan,nan,430.073364258
nan,nan,260.486877441
nan,nan,204.480941772
nan,nan,247.66708374
nan,nan,189.9478302
nan,nan,172.560882568
nan,nan,691.660827637
nan,nan,503.179534912
nan,nan,310.185241699
nan,nan,241.201843262
nan,nan,297.893707275
nan,nan,232.034561157
nan,nan,210.205001831
nan,nan,737.718688965
nan,nan,540.45703125
nan,nan,335.824707031
nan,nan,263.24420166
nan,nan,322.773742676
nan,nan,254.740783691
nan,nan,231.764846802
nan,nan,454.769012451
nan,nan,323.395507812
nan,nan,195.273620605
nan,nan,148.515609741
nan,nan,185.831054688
nan,nan,138.616073608
nan,nan,123.348571777
nan,nan,631.530517578
nan,nan,469.595947266
nan,nan,295.949401855
nan,nan,226.960723877
nan,nan,288.15725708
nan,nan,227.743362427
nan,nan,205.602035522
nan,nan,704.63482666
nan,nan,529.07043457
nan,nan,336.347930908
nan,nan,258.13458252
nan,nan,326.473480225
nan,nan,260.970062256
nan,nan,236.205444336
nan,nan,635.811218262
nan,nan,461.03338623
nan,nan,276.710540771
nan,nan,200.341064453
nan,nan,269.544372559
nan,nan,203.188796997
nan,nan,181.181167603
nan,nan,508.977264404
nan,nan,364.676757812
nan,nan,217.111663818
nan,nan,173.001876831
nan,nan,199.519927979
nan,nan,156.648651123
nan,nan,144.965057373
nan,nan,556.87878418
nan,nan,412.354187012
nan,nan,258.297515869
nan,nan,208.477081299
nan,nan,239.958129883
nan,nan,195.898269653
nan,nan,182.349060059
nan,nan,494.832885742
nan,nan,373.522125244
nan,nan,240.377029419
nan,nan,192.636672974
nan,nan,227.906051636
nan,nan,187.465774536
nan,nan,174.011550903
nan,nan,483.336212158
nan,nan,371.627716064
nan,nan,245.325012207
nan,nan,196.86579895
nan,nan,234.117385864
nan,nan,194.982406616
nan,nan,181.338699341
nan,nan,529.773742676
nan,nan,411.045928955
nan,nan,275.582092285
nan,nan,223.397262573
nan,nan,261.550476074
nan,nan,220.804000854
nan,nan,206.521270752
nan,nan,467.438201904
nan,nan,369.383544922
nan,nan,246.630935669
nan,nan,197.34135437
nan,nan,240.39151001
nan,nan,200.078536987
nan,nan,185.1197052
nan,nan,456.376190186
nan,nan,364.32232666
nan,nan,248.798675537
nan,nan,200.278167725
nan,nan,241.48425293
nan,nan,203.437301636
nan,nan,189.186691284
nan,nan,449.444915771
nan,nan,358.659942627
nan,nan,246.956466675
nan,nan,200.200012207
nan,nan,239.028793335
nan,nan,201.924560547
nan,nan,188.34262085
nan,nan,441.966003418
nan,nan,350.886444092
nan,nan,238.319351196
nan,nan,191.708847046
nan,nan,231.79737854
nan,nan,193.345123291
nan,nan,179.743637085
nan,nan,420.125183105
nan,nan,334.899505615
nan,nan,229.772918701
nan,nan,184.617263794
nan,nan,223.558364868
nan,nan,186.723190308
nan,nan,173.51940918
nan,nan,397.256439209
nan,nan,313.941558838
nan,nan,211.998321533
nan,nan,170.774414062
nan,nan,206.007965088
nan,nan,169.226074219
nan,nan,156.823898315
nan,nan,488.218353271
nan,nan,380.229278564
nan,nan,253.19670105
nan,nan,205.706802368
nan,nan,241.480133057
nan,nan,199.453308105
nan,nan,185.325744629
nan,nan,2492.19995117
nan,nan,1758.84802246
nan,nan,1142.77941895
nan,nan,1099.32556152
nan,nan,1052.20825195
nan,nan,899.41784668
nan,nan,818.479064941
nan,nan,343.091247559
nan,nan,226.783126831
nan,nan,144.423309326
nan,nan,165.807373047
nan,nan,162.021713257
nan,nan,142.237670898
nan,nan,139.36781311
nan,nan,51.8268165588
nan,nan,311.453857422
nan,nan,224.257385254
nan,nan,146.122924805
nan,nan,231.160583496
nan,nan,207.093963623
nan,nan,141.447814941
nan,nan,197.570236206
nan,nan,151.600021362
nan,nan,27.1497955322
nan,nan,87.1352233887
nan,nan,123.537124634
nan,nan,182.129501343
nan,nan,154.096664429
nan,nan,31.0288333893
nan,nan,33.0913162231
nan,nan,149.941116333
nan,nan,20.2283782959
nan,nan,167.702438354
nan,nan,135.166900635
nan,nan,27.0796012878
nan,nan,20.6241722107
nan,nan,20.2042121887
nan,nan,245.325027466
nan,nan,159.892974854
nan,nan,94.0272369385
nan,nan,67.5985031128
nan,nan,79.0523986816
nan,nan,71.2428207397
nan,nan,237.825500488
nan,nan,208.234375
nan,nan,148.711608887
nan,nan,207.521026611
nan,nan,153.001617432
nan,nan,32.6568450928
nan,nan,84.2737731934
nan,nan,129.342330933
nan,nan,186.735214233
nan,nan,164.119400024
nan,nan,29.5331687927
nan,nan,33.3524703979
nan,nan,153.023651123
nan,nan,21.3321323395
nan,nan,161.429290771
nan,nan,131.167434692
nan,nan,27.6162548065
nan,nan,21.9925746918
nan,nan,20.9827957153
nan,nan,88.4925384521
nan,nan,12.0657014847
nan,nan,57.6516990662
nan,nan,50.7049598694
nan,nan,49.5690841675
nan,nan,39.3666229248
nan,nan,183.499267578
nan,nan,162.744064331
nan,nan,97.8117675781
nan,nan,123.542007446
nan,nan,124.358734131
nan,nan,35.2161216736
nan,nan,63.7830848694
nan,nan,89.7508087158
nan,nan,114.56085968
nan,nan,96.0091018677
nan,nan,30.6494178772
nan,nan,32.7627449036
nan,nan,101.148849487
nan,nan,23.4943828583
nan,nan,104.017127991
nan,nan,83.4577713013
nan,nan,28.1207389832
nan,nan,24.1768550873
nan,nan,23.0913963318
nan,nan,48.2434921265
nan,nan,19.0764160156
nan,nan,40.3509559631
nan,nan,39.4786224365
nan,nan,48.0379219055
nan,nan,40.6578369141
nan,nan,225.396026611
nan,nan,185.082382202
nan,nan,117.442565918
nan,nan,154.151168823
nan,nan,135.076690674
nan,nan,40.3319015503
nan,nan,74.7789459229
nan,nan,106.421325684
nan,nan,141.690292358
nan,nan,132.047790527
nan,nan,34.6587142944
nan,nan,37.9801750183
nan,nan,121.832984924
nan,nan,26.7644424438
nan,nan,125.587005615
nan,nan,104.883872986
nan,nan,30.3428764343
nan,nan,26.9622039795
nan,nan,26.2160720825
nan,nan,54.2132720947
nan,nan,86.0069503784
nan,nan,64.9164123535
nan,nan,73.4833068848
nan,nan,66.1451568604
nan,nan,44.0824928284
nan,nan,212.145935059
nan,nan,158.674530029
nan,nan,105.883331299
nan,nan,130.224380493
nan,nan,117.780990601
nan,nan,42.1613731384
nan,nan,64.7719955444
nan,nan,94.4198379517
nan,nan,118.196456909
nan,nan,106.046211243
nan,nan,36.3118362427
nan,nan,37.1600875854
nan,nan,103.282531738
nan,nan,29.3172454834
nan,nan,100.154342651
nan,nan,84.3455047607
nan,nan,31.176864624
nan,nan,28.6767120361
nan,nan,27.3416938782
nan,nan,86.0069503784
nan,nan,64.9164123535
nan,nan,73.4833068848
nan,nan,158.674530029
nan,nan,147.667037964
nan,nan,97.7047653198
nan,nan,98.640335083
nan,nan,143.958770752
nan,nan,129.826751709
nan,nan,102.798912048
nan,nan,103.367698669
nan,nan,150.705841064
nan,nan,113.610771179
nan,nan,98.1541595459
nan,nan,96.0423278809
nan,nan,142.669845581
nan,nan,96.9859695435
nan,nan,85.6768188477
nan,nan,83.4398803711
nan,nan,124.010803223
nan,nan,235.271362305
nan,nan,201.633270264
nan,nan,175.672698975
nan,nan,122.686454773
nan,nan,162.348739624
nan,nan,141.908584595
nan,nan,119.939682007
nan,nan,93.2931976318
nan,nan,161.267791748
nan,nan,137.089294434
nan,nan,118.068450928
nan,nan,96.0693130493
nan,nan,123.940841675
nan,nan,109.302772522
nan,nan,90.5216369629
nan,nan,65.388381958
nan,nan,363.53515625
nan,nan,310.04284668
nan,nan,263.951843262
nan,nan,167.070159912
nan,nan,101.656227112
nan,nan,91.3388748169
nan,nan,75.3202667236
nan,nan,62.9326934814
nan,nan,213.99307251
nan,nan,180.9324646
nan,nan,154.718643188
nan,nan,92.9191589355
nan,nan,459.88458252
nan,nan,390.380310059
nan,nan,338.302215576
nan,nan,194.930908203
nan,nan,162.612991333
nan,nan,138.159042358
nan,nan,116.774742126
nan,nan,85.4013671875
nan,nan,329.421081543
nan,nan,344.419799805
nan,nan,361.101959229
nan,nan,494.112854004
nan,nan,108.550621033
nan,nan,124.33405304
nan,nan,143.633865356
nan,nan,323.819335938
nan,nan,138.312744141
nan,nan,153.79095459
nan,nan,179.578918457
nan,nan,400.218566895
nan,nan,122.421447754
nan,nan,136.584060669
nan,nan,157.14276123
nan,nan,346.654449463
nan,nan,157.018386841
nan,nan,172.004776001
nan,nan,187.919067383
nan,nan,337.147399902
nan,nan,215.885772705
nan,nan,228.839355469
nan,nan,242.886047363
nan,nan,422.197662354
nan,nan,147.159591675
nan,nan,150.548355103
nan,nan,169.350280762
nan,nan,341.134857178
nan,nan,177.962921143
nan,nan,185.177307129
nan,nan,200.198425293
nan,nan,320.382629395
nan,nan,237.415100098
nan,nan,232.633026123
nan,nan,243.176513672
nan,nan,329.00289917
nan,nan,203.482620239
nan,nan,195.917114258
nan,nan,207.723342896
nan,nan,302.735076904
nan,nan,232.304031372
nan,nan,229.278762817
nan,nan,232.231414795
nan,nan,274.940948486
nan,nan,237.053085327
nan,nan,221.386428833
nan,nan,218.917999268
nan,nan,231.043365479
nan,nan,266.917327881
nan,nan,256.618530273
nan,nan,256.861480713
nan,nan,308.974334717
nan,nan,286.709381104
nan,nan,261.021697998
nan,nan,255.664077759
nan,nan,311.352416992
nan,nan,317.146331787
nan,nan,312.593811035
nan,nan,321.264648438
nan,nan,404.124786377
nan,nan,340.118621826
nan,nan,324.45904541
nan,nan,325.305450439
nan,nan,390.426971436
nan,nan,400.496002197
nan,nan,381.693847656
nan,nan,383.593658447
nan,nan,481.629638672
nan,nan,603.647399902
nan,nan,539.797607422
nan,nan,527.08215332
nan,nan,555.31036377
nan,nan,968.01348877
nan,nan,829.359558105
nan,nan,824.55682373
nan,nan,840.872436523
nan,nan,858.030029297
